INSERT INTO ENDERECOS ( RUA, BAIRRO, NUMERO, CIDADE, UF, COMPLEMENTO) VALUES ('Avenida do Estado','Mandaqui','3720','Rio Verde de Mato Grosso','CE','null')
INSERT INTO ENDERECOS ( RUA, BAIRRO, NUMERO, CIDADE, UF, COMPLEMENTO) VALUES ('Avenida Presidente João Goulart','Santa Cecília','2722','Portel','DF','Aeroporto')
INSERT INTO ENDERECOS ( RUA, BAIRRO, NUMERO, CIDADE, UF, COMPLEMENTO) VALUES ('Rua Barão de Itapetininga','Anhangüera','362','Beneditinos','AC','null')
INSERT INTO ENDERECOS ( RUA, BAIRRO, NUMERO, CIDADE, UF, COMPLEMENTO) VALUES ('Avenida Doutor Chucri Zaidan','Artur Alvim','2755','Guareí','MT','null')
INSERT INTO ENDERECOS ( RUA, BAIRRO, NUMERO, CIDADE, UF, COMPLEMENTO) VALUES ('Alameda Ministro Rocha Azevedo','Bela Vista','2488','Davinópolis','MT','null')
INSERT INTO ENDERECOS ( RUA, BAIRRO, NUMERO, CIDADE, UF, COMPLEMENTO) VALUES ('Avenida São João','Alto de Pinheiros','2603','Triunfo','PA','Conjunto 446')
INSERT INTO ENDERECOS ( RUA, BAIRRO, NUMERO, CIDADE, UF, COMPLEMENTO) VALUES ('Avenida Doutor Ricardo Jafet','Grajaú','292','Clevelândia','MT','Lote 124')
INSERT INTO ENDERECOS ( RUA, BAIRRO, NUMERO, CIDADE, UF, COMPLEMENTO) VALUES ('Avenida Senador Teotônio Vilela','Jardim Helena','3008','Araras','MT','null')
INSERT INTO ENDERECOS ( RUA, BAIRRO, NUMERO, CIDADE, UF, COMPLEMENTO) VALUES ('Avenida Doutor Chucri Zaidan','Tremembé','3430','Arapeí','AL','Lote 124')
INSERT INTO ENDERECOS ( RUA, BAIRRO, NUMERO, CIDADE, UF, COMPLEMENTO) VALUES ('Rua Doutor César','Bela Vista','3218','Santa Rita de Caldas','CE','Sobreloja 966')
INSERT INTO ENDERECOS ( RUA, BAIRRO, NUMERO, CIDADE, UF, COMPLEMENTO) VALUES ('Rua Francisca Júlia','Santo Amaro','3377','Palmitos','SE','null')
INSERT INTO ENDERECOS ( RUA, BAIRRO, NUMERO, CIDADE, UF, COMPLEMENTO) VALUES ('Avenida Giovanni Gronchi','Sé','1844','Pedranópolis','PI','Conjunto 446')
INSERT INTO ENDERECOS ( RUA, BAIRRO, NUMERO, CIDADE, UF, COMPLEMENTO) VALUES ('Avenida Inajar de Souza','Perdizes','839','Malta','SP','null')
INSERT INTO ENDERECOS ( RUA, BAIRRO, NUMERO, CIDADE, UF, COMPLEMENTO) VALUES ('Rua Leite de Morais','Butantã','1963','Itatiba','AM','null')
INSERT INTO ENDERECOS ( RUA, BAIRRO, NUMERO, CIDADE, UF, COMPLEMENTO) VALUES ('Corredor Norte-Sul','Moema','1770','Serra','AP','Aeroporto')
INSERT INTO ENDERECOS ( RUA, BAIRRO, NUMERO, CIDADE, UF, COMPLEMENTO) VALUES ('Marginal Tietê','Rio Pequeno','3057','Imaruí','MT','Galeria')
INSERT INTO ENDERECOS ( RUA, BAIRRO, NUMERO, CIDADE, UF, COMPLEMENTO) VALUES ('Rua Conde de Sarzedas','Guaianases','883','Corguinho','DF','Quadra D')
INSERT INTO ENDERECOS ( RUA, BAIRRO, NUMERO, CIDADE, UF, COMPLEMENTO) VALUES ('Rua Vergueiro','Jardim Helena','837','Orós','PB','null')
INSERT INTO ENDERECOS ( RUA, BAIRRO, NUMERO, CIDADE, UF, COMPLEMENTO) VALUES ('Avenida da Liberdade','Cidade Ademar','3037','Pitanga','RS','null')
INSERT INTO ENDERECOS ( RUA, BAIRRO, NUMERO, CIDADE, UF, COMPLEMENTO) VALUES ('Rua Pedroso Alvarenga','Campo Limpo','4796','Cairu','MG','null')
INSERT INTO ENDERECOS ( RUA, BAIRRO, NUMERO, CIDADE, UF, COMPLEMENTO) VALUES ('Avenida São João','Água Rasa','297','Cotegipe','RS','null')
INSERT INTO ENDERECOS ( RUA, BAIRRO, NUMERO, CIDADE, UF, COMPLEMENTO) VALUES ('Rua Doutor Antônio Bento','Capão Redondo','2054','Jaguarão','MS','null')
INSERT INTO ENDERECOS ( RUA, BAIRRO, NUMERO, CIDADE, UF, COMPLEMENTO) VALUES ('Rua Alfredo Pujol','Jaguara','4246','São João','MT','Anexo')
INSERT INTO ENDERECOS ( RUA, BAIRRO, NUMERO, CIDADE, UF, COMPLEMENTO) VALUES ('Avenida Brás Leme','Carrão','3506','Santa Luzia do Itanhy','MS','null')
INSERT INTO ENDERECOS ( RUA, BAIRRO, NUMERO, CIDADE, UF, COMPLEMENTO) VALUES ('Rua do Ouvidor','Cidade Tiradentes','3593','Baraúna','ES','Subsolo')
INSERT INTO ENDERECOS ( RUA, BAIRRO, NUMERO, CIDADE, UF, COMPLEMENTO) VALUES ('Estrada Turística do Jaraguá','Parelheiros','907','Andradas','SP','Sobreloja 966')
INSERT INTO ENDERECOS ( RUA, BAIRRO, NUMERO, CIDADE, UF, COMPLEMENTO) VALUES ('Rua Conselheiro Furtado','Liberdade','1372','Angico','PB','Bloco G')
INSERT INTO ENDERECOS ( RUA, BAIRRO, NUMERO, CIDADE, UF, COMPLEMENTO) VALUES ('Alameda Joaquim Eugênio de Lima','Jardim Helena','2637','Presidente Dutra','RR','Andar 7')
INSERT INTO ENDERECOS ( RUA, BAIRRO, NUMERO, CIDADE, UF, COMPLEMENTO) VALUES ('Rua 25 de Março','Lajeado','3391','Santana do Riacho','SP','Galeria')
INSERT INTO ENDERECOS ( RUA, BAIRRO, NUMERO, CIDADE, UF, COMPLEMENTO) VALUES ('Rua Padre João Manuel','Butantã','1620','Pindaré Mirim','AP','Galpão V')
INSERT INTO ENDERECOS ( RUA, BAIRRO, NUMERO, CIDADE, UF, COMPLEMENTO) VALUES ('Avenida Rubem Berta','Vila Andrade','2960','Martinópolis','DF','null')
INSERT INTO ENDERECOS ( RUA, BAIRRO, NUMERO, CIDADE, UF, COMPLEMENTO) VALUES ('Avenida Brigadeiro Faria Lima','Consolação','2292','Ipiguá','AC','Sala 281')
INSERT INTO ENDERECOS ( RUA, BAIRRO, NUMERO, CIDADE, UF, COMPLEMENTO) VALUES ('Estrada Turística do Jaraguá','Bela Vista','1450','Pains','ES','Fundos')
INSERT INTO ENDERECOS ( RUA, BAIRRO, NUMERO, CIDADE, UF, COMPLEMENTO) VALUES ('Avenida Cruzeiro do Sul','São Miguel Paulista','2817','Mirabela','SC','Conjunto 446')
INSERT INTO ENDERECOS ( RUA, BAIRRO, NUMERO, CIDADE, UF, COMPLEMENTO) VALUES ('Rua Três Rios','Itaim Bibi','4831','Santana do Maranhão','CE','Andar 7')
INSERT INTO ENDERECOS ( RUA, BAIRRO, NUMERO, CIDADE, UF, COMPLEMENTO) VALUES ('Rua Pedro Doll','Vila Matilde','4804','Itapetinga','PE','null')
INSERT INTO ENDERECOS ( RUA, BAIRRO, NUMERO, CIDADE, UF, COMPLEMENTO) VALUES ('Rua Heitor Penteado','Ponte Rasa','1266','Conceição das Pedras','SE','null')
INSERT INTO ENDERECOS ( RUA, BAIRRO, NUMERO, CIDADE, UF, COMPLEMENTO) VALUES ('Rua do Orfanato','Moema','3603','Livramento','MS','null')
INSERT INTO ENDERECOS ( RUA, BAIRRO, NUMERO, CIDADE, UF, COMPLEMENTO) VALUES ('Rua João Cachoeira','Aricanduva','3391','Viana','MA','Loja 965')
INSERT INTO ENDERECOS ( RUA, BAIRRO, NUMERO, CIDADE, UF, COMPLEMENTO) VALUES ('Avenida Europa','Aricanduva','2870','Fraiburgo','BA','null')
INSERT INTO ENDERECOS ( RUA, BAIRRO, NUMERO, CIDADE, UF, COMPLEMENTO) VALUES ('Veridiana da Silva Prado','Grajaú','1902','Grão Mogol','SP','null')
INSERT INTO ENDERECOS ( RUA, BAIRRO, NUMERO, CIDADE, UF, COMPLEMENTO) VALUES ('Avenida Doutor Enéas Carvalho de Aguiar','Vila Prudente','136','Triunfo','SC','null')
INSERT INTO ENDERECOS ( RUA, BAIRRO, NUMERO, CIDADE, UF, COMPLEMENTO) VALUES ('Rua 15 de Novembro','Liberdade','3928','Itapiranga','PI','Anexo')
INSERT INTO ENDERECOS ( RUA, BAIRRO, NUMERO, CIDADE, UF, COMPLEMENTO) VALUES ('Avenida Ipiranga','Cachoeirinha','4656','Marmelópolis','RN','Apartamento 198')
INSERT INTO ENDERECOS ( RUA, BAIRRO, NUMERO, CIDADE, UF, COMPLEMENTO) VALUES ('Ladeira Porto Geral','Parque do Carmo','4620','Lago dos Rodrigues','MA','null')
INSERT INTO ENDERECOS ( RUA, BAIRRO, NUMERO, CIDADE, UF, COMPLEMENTO) VALUES ('Avenida Marquês de São Vicente','Campo Limpo','4998','Condor','MG','Conjunto 446')
INSERT INTO ENDERECOS ( RUA, BAIRRO, NUMERO, CIDADE, UF, COMPLEMENTO) VALUES ('Rua Sete de Abril','Cachoeirinha','4296','Assunção do Piauí','TO','Galeria')
INSERT INTO ENDERECOS ( RUA, BAIRRO, NUMERO, CIDADE, UF, COMPLEMENTO) VALUES ('Avenida Jornalista Roberto Marinho','Pirituba','2355','Congonhas do Norte','AM','Quadra D')
INSERT INTO ENDERECOS ( RUA, BAIRRO, NUMERO, CIDADE, UF, COMPLEMENTO) VALUES ('Avenida São João','Santo Amaro','1214','Itiruçu','PR','null')
INSERT INTO ENDERECOS ( RUA, BAIRRO, NUMERO, CIDADE, UF, COMPLEMENTO) VALUES ('Estrada de Itapecerica','Vila Curuçá','3341','Giruá','PE','Casa 3')
INSERT INTO ENDERECOS ( RUA, BAIRRO, NUMERO, CIDADE, UF, COMPLEMENTO) VALUES ('Radial Leste','Brás','1087','Marcolândia','RN','null')
INSERT INTO ENDERECOS ( RUA, BAIRRO, NUMERO, CIDADE, UF, COMPLEMENTO) VALUES ('Rua Maranhão','São Mateus','1733','Alcantil','DF','null')
INSERT INTO ENDERECOS ( RUA, BAIRRO, NUMERO, CIDADE, UF, COMPLEMENTO) VALUES ('Rua Alfredo Pujol','Consolação','3127','Charqueada','SE','Lote 124')
INSERT INTO ENDERECOS ( RUA, BAIRRO, NUMERO, CIDADE, UF, COMPLEMENTO) VALUES ('Rua Doutor Antônio Bento','Ipiranga','4631','Vespasiano Correa','MG','null')
INSERT INTO ENDERECOS ( RUA, BAIRRO, NUMERO, CIDADE, UF, COMPLEMENTO) VALUES ('Rua Peixoto Gomide','Cursino','1555','Jaicós','RJ','null')
INSERT INTO ENDERECOS ( RUA, BAIRRO, NUMERO, CIDADE, UF, COMPLEMENTO) VALUES ('Avenida Cruzeiro do Sul','Cambuci','3741','Itaituba','RS','null')
INSERT INTO ENDERECOS ( RUA, BAIRRO, NUMERO, CIDADE, UF, COMPLEMENTO) VALUES ('Rua Padre João Manuel','Marsilac','2387','Pântano Grande','PA','Sobreloja 966')
INSERT INTO ENDERECOS ( RUA, BAIRRO, NUMERO, CIDADE, UF, COMPLEMENTO) VALUES ('Rua 15 de Novembro','Parelheiros','2347','Varjota','RO','Quadra D')
INSERT INTO ENDERECOS ( RUA, BAIRRO, NUMERO, CIDADE, UF, COMPLEMENTO) VALUES ('Avenida Marquês de São Vicente','Brasilândia','218','Capitão de Campos','AM','null')
INSERT INTO ENDERECOS ( RUA, BAIRRO, NUMERO, CIDADE, UF, COMPLEMENTO) VALUES ('Ladeira Porto Geral','Cambuci','3211','São João de Iracema','AM','Fazenda')
INSERT INTO ENDERECOS ( RUA, BAIRRO, NUMERO, CIDADE, UF, COMPLEMENTO) VALUES ('Corredor Norte-Sul','Ipiranga','1280','Juquitiba','ES','Casa 3')
INSERT INTO ENDERECOS ( RUA, BAIRRO, NUMERO, CIDADE, UF, COMPLEMENTO) VALUES ('Avenida dos Bandeirantes','Jardim Helena','4441','Bom Jesus do Norte','ES','null')
INSERT INTO ENDERECOS ( RUA, BAIRRO, NUMERO, CIDADE, UF, COMPLEMENTO) VALUES ('Avenida Renata','Penha','4572','Ouro Branco','TO','null')
INSERT INTO ENDERECOS ( RUA, BAIRRO, NUMERO, CIDADE, UF, COMPLEMENTO) VALUES ('Avenida Jornalista Roberto Marinho','Consolação','144','Duque de Caxias','PI','null')
INSERT INTO ENDERECOS ( RUA, BAIRRO, NUMERO, CIDADE, UF, COMPLEMENTO) VALUES ('Rua Doutor César','Alto de Pinheiros','3639','Cascavel','MG','Casa 3')
INSERT INTO ENDERECOS ( RUA, BAIRRO, NUMERO, CIDADE, UF, COMPLEMENTO) VALUES ('Rua 15 de Novembro','Jardim Helena','2559','Aparecida','AP','Aeroporto')
INSERT INTO ENDERECOS ( RUA, BAIRRO, NUMERO, CIDADE, UF, COMPLEMENTO) VALUES ('Avenida Santa Marina','Itaquera','1933','Faxinalzinho','RJ','Conjunto 446')
INSERT INTO ENDERECOS ( RUA, BAIRRO, NUMERO, CIDADE, UF, COMPLEMENTO) VALUES ('Rua da Mooca','Cachoeirinha','4429','Uruana de Minas','MT','Casa 3')
INSERT INTO ENDERECOS ( RUA, BAIRRO, NUMERO, CIDADE, UF, COMPLEMENTO) VALUES ('Rua Alfredo Pujol','Vila Mariana','2457','Caicó','RS','null')
INSERT INTO ENDERECOS ( RUA, BAIRRO, NUMERO, CIDADE, UF, COMPLEMENTO) VALUES ('Avenida Brasil','Penha','4105','Gurupá','PR','Sobreloja 966')
INSERT INTO ENDERECOS ( RUA, BAIRRO, NUMERO, CIDADE, UF, COMPLEMENTO) VALUES ('Avenida Doutor Ricardo Jafet','Mooca','3135','Coxilha','PR','Bloco G')
INSERT INTO ENDERECOS ( RUA, BAIRRO, NUMERO, CIDADE, UF, COMPLEMENTO) VALUES ('Avenida Jornalista Roberto Marinho','Vila Formosa','3742','Ibimirim','AC','Loja 965')
INSERT INTO ENDERECOS ( RUA, BAIRRO, NUMERO, CIDADE, UF, COMPLEMENTO) VALUES ('Rua Conselheiro Furtado','Ermelino Matarazzo','2548','Espírito Santo','PR','Portão F')
INSERT INTO ENDERECOS ( RUA, BAIRRO, NUMERO, CIDADE, UF, COMPLEMENTO) VALUES ('Avenida João XXIII','Socorro','1198','Zortéa','MT','Bloco G')
INSERT INTO ENDERECOS ( RUA, BAIRRO, NUMERO, CIDADE, UF, COMPLEMENTO) VALUES ('Rua Maranhão','Moema','3530','São Sebastião do Caí','PR','Fundos')
INSERT INTO ENDERECOS ( RUA, BAIRRO, NUMERO, CIDADE, UF, COMPLEMENTO) VALUES ('Rua do Orfanato','Cachoeirinha','4905','Santa Luzia do Norte','CE','null')
INSERT INTO ENDERECOS ( RUA, BAIRRO, NUMERO, CIDADE, UF, COMPLEMENTO) VALUES ('Estrada Turística do Jaraguá','Brasilândia','3292','Sales Oliveira','MS','null')
INSERT INTO ENDERECOS ( RUA, BAIRRO, NUMERO, CIDADE, UF, COMPLEMENTO) VALUES ('Rua Sete de Abril','Cidade Dutra','4488','Sidrolândia','MA','Subsolo')
INSERT INTO ENDERECOS ( RUA, BAIRRO, NUMERO, CIDADE, UF, COMPLEMENTO) VALUES ('Avenida Doutor Ricardo Jafet','Penha','2658','Guaraniaçu','CE','null')
INSERT INTO ENDERECOS ( RUA, BAIRRO, NUMERO, CIDADE, UF, COMPLEMENTO) VALUES ('Avenida Mutinga','Jaguara','938','Domingos Mourão','ES','Quadra D')
INSERT INTO ENDERECOS ( RUA, BAIRRO, NUMERO, CIDADE, UF, COMPLEMENTO) VALUES ('Rua Doutor Antônio Bento','Tremembé','230','Frutal','SE','Lote 124')
INSERT INTO ENDERECOS ( RUA, BAIRRO, NUMERO, CIDADE, UF, COMPLEMENTO) VALUES ('Marginal Pinheiros','Jaguara','2786','Pedras Grandes','MA','Lote 124')
INSERT INTO ENDERECOS ( RUA, BAIRRO, NUMERO, CIDADE, UF, COMPLEMENTO) VALUES ('Rua Alfredo Pujol','Casa Verde','4622','Juruena','AP','Subsolo')
INSERT INTO ENDERECOS ( RUA, BAIRRO, NUMERO, CIDADE, UF, COMPLEMENTO) VALUES ('Avenida 23 de Maio','Santo Amaro','2171','Calmon','PI','Andar 7')
INSERT INTO ENDERECOS ( RUA, BAIRRO, NUMERO, CIDADE, UF, COMPLEMENTO) VALUES ('Estrada Turística do Jaraguá','Jaguaré','1122','Osvaldo Cruz','CE','Fundos')
INSERT INTO ENDERECOS ( RUA, BAIRRO, NUMERO, CIDADE, UF, COMPLEMENTO) VALUES ('Ligação Leste-Oeste','Vila Maria','1491','Santópolis do Aguapeí','SE','null')
INSERT INTO ENDERECOS ( RUA, BAIRRO, NUMERO, CIDADE, UF, COMPLEMENTO) VALUES ('Avenida Pompeia','Brasilândia','2938','Luiziana','GO','null')
INSERT INTO ENDERECOS ( RUA, BAIRRO, NUMERO, CIDADE, UF, COMPLEMENTO) VALUES ('Rua Voluntários da Pátria','Aricanduva','2217','Santa Terezinha de Goiás','PB','Fundos')
INSERT INTO ENDERECOS ( RUA, BAIRRO, NUMERO, CIDADE, UF, COMPLEMENTO) VALUES ('Avenida do Oratório','Belém','2596','Jauru','RS','Casa 3')
INSERT INTO ENDERECOS ( RUA, BAIRRO, NUMERO, CIDADE, UF, COMPLEMENTO) VALUES ('Avenida dos Bandeirantes','Vila Sônia','1425','Macaparana','PB','Casa 3')
INSERT INTO ENDERECOS ( RUA, BAIRRO, NUMERO, CIDADE, UF, COMPLEMENTO) VALUES ('Avenida Paulista','Ponte Rasa','1821','Matões do Norte','SP','Galpão V')
INSERT INTO ENDERECOS ( RUA, BAIRRO, NUMERO, CIDADE, UF, COMPLEMENTO) VALUES ('Avenida Paulista','Itaim Paulista','1698','Castro','SP','null')
INSERT INTO ENDERECOS ( RUA, BAIRRO, NUMERO, CIDADE, UF, COMPLEMENTO) VALUES ('Avenida Vereador Abel Ferreira','Jardim São Luís','4328','São João Nepomuceno','TO','Aeroporto')
INSERT INTO ENDERECOS ( RUA, BAIRRO, NUMERO, CIDADE, UF, COMPLEMENTO) VALUES ('Rua Paulistânia','Mooca','4365','Cruz Alta','ES','Loja 965')
INSERT INTO ENDERECOS ( RUA, BAIRRO, NUMERO, CIDADE, UF, COMPLEMENTO) VALUES ('Avenida 9 de Julho','Campo Grande','1506','Dumont','PI','Fundos')
INSERT INTO ENDERECOS ( RUA, BAIRRO, NUMERO, CIDADE, UF, COMPLEMENTO) VALUES ('Avenida Washington Luís','São Domingos','2895','São Sebastião da Boa Vista','RO','Terreo')
INSERT INTO ENDERECOS ( RUA, BAIRRO, NUMERO, CIDADE, UF, COMPLEMENTO) VALUES ('Avenida Engenheiro Luís Carlos Berrini','Liberdade','4675','Tamboara','AM','null')
INSERT INTO ENDERECOS ( RUA, BAIRRO, NUMERO, CIDADE, UF, COMPLEMENTO) VALUES ('Avenida Cidade Jardim','Campo Belo','1729','Ribeira do Pombal','GO','null')
INSERT INTO ENDERECOS ( RUA, BAIRRO, NUMERO, CIDADE, UF, COMPLEMENTO) VALUES ('Avenida Doutor Enéas Carvalho de Aguiar','Brás','3070','Dores de Guanhães','CE','null')
INSERT INTO ENDERECOS ( RUA, BAIRRO, NUMERO, CIDADE, UF, COMPLEMENTO) VALUES ('Radial Leste','Tucuruvi','199','Barro Alto','PR','null')
INSERT INTO SETORES (NOME_SETOR) VALUES ('vidro')
INSERT INTO SETORES (NOME_SETOR) VALUES ('pintura')
INSERT INTO SETORES (NOME_SETOR) VALUES ('eletrica')
INSERT INTO SETORES (NOME_SETOR) VALUES ('borracharia')
INSERT INTO SETORES (NOME_SETOR) VALUES ('mecânica')
INSERT INTO PESSOAS ( NOME ,CPF,RG,DATA_NASCIMENTO,FK_ENDERECO) VALUES ('Mariana Tovar','77782871026','544709500','03/11/1965',43)
INSERT INTO PESSOAS ( NOME ,CPF,RG,DATA_NASCIMENTO,FK_ENDERECO) VALUES ('Laís Zanon','37774631160','442940102','06/04/1929',13)
INSERT INTO PESSOAS ( NOME ,CPF,RG,DATA_NASCIMENTO,FK_ENDERECO) VALUES ('Milene de Carvalho','75683804167','710870749','06/05/1948',66)
INSERT INTO PESSOAS ( NOME ,CPF,RG,DATA_NASCIMENTO,FK_ENDERECO) VALUES ('Nicole Esméria','30831534494','495679595','21/01/1955',90)
INSERT INTO PESSOAS ( NOME ,CPF,RG,DATA_NASCIMENTO,FK_ENDERECO) VALUES ('Felipe Bassos','46004643700','172266743','04/10/1952',80)
INSERT INTO PESSOAS ( NOME ,CPF,RG,DATA_NASCIMENTO,FK_ENDERECO) VALUES ('Pedro Bonicenha','11851364366','741744806','20/01/1965',83)
INSERT INTO PESSOAS ( NOME ,CPF,RG,DATA_NASCIMENTO,FK_ENDERECO) VALUES ('Emanuela Ton','73265998150','465688563','04/11/1985',26)
INSERT INTO PESSOAS ( NOME ,CPF,RG,DATA_NASCIMENTO,FK_ENDERECO) VALUES ('Helena Blanco','69103372804','734000574','21/03/1948',66)
INSERT INTO PESSOAS ( NOME ,CPF,RG,DATA_NASCIMENTO,FK_ENDERECO) VALUES ('Íris Fernandes','63391058749','221858618','24/07/1928',15)
INSERT INTO PESSOAS ( NOME ,CPF,RG,DATA_NASCIMENTO,FK_ENDERECO) VALUES ('Leonardo Polinini','40033673756','311872406','11/09/1967',7)
INSERT INTO PESSOAS ( NOME ,CPF,RG,DATA_NASCIMENTO,FK_ENDERECO) VALUES ('Micaela Faco','78030925000','105270350','30/07/1925',18)
INSERT INTO PESSOAS ( NOME ,CPF,RG,DATA_NASCIMENTO,FK_ENDERECO) VALUES ('Benjamim Vescovi','24796822003','489748729','01/05/1997',27)
INSERT INTO PESSOAS ( NOME ,CPF,RG,DATA_NASCIMENTO,FK_ENDERECO) VALUES ('Isaac Figueira','64297550024','780730617','11/06/1921',94)
INSERT INTO PESSOAS ( NOME ,CPF,RG,DATA_NASCIMENTO,FK_ENDERECO) VALUES ('Edgar Urbino','76645970056','103540450','27/06/1938',18)
INSERT INTO PESSOAS ( NOME ,CPF,RG,DATA_NASCIMENTO,FK_ENDERECO) VALUES ('Alexander Gobbo','52234664896','221535661','06/02/1940',9)
INSERT INTO PESSOAS ( NOME ,CPF,RG,DATA_NASCIMENTO,FK_ENDERECO) VALUES ('Augusto Basso','41878942840','585809944','08/06/1992',53)
INSERT INTO PESSOAS ( NOME ,CPF,RG,DATA_NASCIMENTO,FK_ENDERECO) VALUES ('João Calixto','45679616173','185485858','20/05/1968',68)
INSERT INTO PESSOAS ( NOME ,CPF,RG,DATA_NASCIMENTO,FK_ENDERECO) VALUES ('Fernanda Flozillo','00518186202','651436024','13/12/1990',73)
INSERT INTO PESSOAS ( NOME ,CPF,RG,DATA_NASCIMENTO,FK_ENDERECO) VALUES ('João Barreira','93911156839','220565875','25/07/1928',94)
INSERT INTO PESSOAS ( NOME ,CPF,RG,DATA_NASCIMENTO,FK_ENDERECO) VALUES ('João Endringer','30948054263','453733192','05/03/1968',46)
INSERT INTO PESSOAS ( NOME ,CPF,RG,DATA_NASCIMENTO,FK_ENDERECO) VALUES ('Bernardo Serata','14818535974','700135773','29/06/1995',79)
INSERT INTO PESSOAS ( NOME ,CPF,RG,DATA_NASCIMENTO,FK_ENDERECO) VALUES ('Henrique Barbosa','42926105843','267027951','19/03/1985',45)
INSERT INTO PESSOAS ( NOME ,CPF,RG,DATA_NASCIMENTO,FK_ENDERECO) VALUES ('Luisa Vidotti','10876647131','988496913','13/06/1953',9)
INSERT INTO PESSOAS ( NOME ,CPF,RG,DATA_NASCIMENTO,FK_ENDERECO) VALUES ('Fabrício Balarini','76944185679','939744050','25/07/1943',6)
INSERT INTO PESSOAS ( NOME ,CPF,RG,DATA_NASCIMENTO,FK_ENDERECO) VALUES ('Alice Berthelsen','86203116890','025412139','25/11/1922',96)
INSERT INTO PESSOAS ( NOME ,CPF,RG,DATA_NASCIMENTO,FK_ENDERECO) VALUES ('Pedro Mello','32803096544','390392641','22/07/1977',25)
INSERT INTO PESSOAS ( NOME ,CPF,RG,DATA_NASCIMENTO,FK_ENDERECO) VALUES ('Manuela Augustsdatter','73467775497','937758433','13/12/1947',96)
INSERT INTO PESSOAS ( NOME ,CPF,RG,DATA_NASCIMENTO,FK_ENDERECO) VALUES ('Octávio Vitorazzi','26072604854','656033955','02/04/1925',69)
INSERT INTO PESSOAS ( NOME ,CPF,RG,DATA_NASCIMENTO,FK_ENDERECO) VALUES ('Cristiano Catellan','64414754488','480313848','22/02/1940',30)
INSERT INTO PESSOAS ( NOME ,CPF,RG,DATA_NASCIMENTO,FK_ENDERECO) VALUES ('Laila Vida','51258245345','762358874','11/02/1958',32)
INSERT INTO PESSOAS ( NOME ,CPF,RG,DATA_NASCIMENTO,FK_ENDERECO) VALUES ('Maurício Lougun','57600318210','698061164','08/12/1971',57)
INSERT INTO PESSOAS ( NOME ,CPF,RG,DATA_NASCIMENTO,FK_ENDERECO) VALUES ('Leonardo de Albernaz','33326597827','258802493','22/08/1932',19)
INSERT INTO PESSOAS ( NOME ,CPF,RG,DATA_NASCIMENTO,FK_ENDERECO) VALUES ('Michael da Costa','75737210138','061485225','03/09/1983',96)
INSERT INTO PESSOAS ( NOME ,CPF,RG,DATA_NASCIMENTO,FK_ENDERECO) VALUES ('Fernanda Canata','88745906955','613708926','21/10/1983',48)
INSERT INTO PESSOAS ( NOME ,CPF,RG,DATA_NASCIMENTO,FK_ENDERECO) VALUES ('Catarina Holliday','86092027712','510740592','28/12/1988',43)
INSERT INTO PESSOAS ( NOME ,CPF,RG,DATA_NASCIMENTO,FK_ENDERECO) VALUES ('Cauã Christiansen','24481232684','313473707','16/01/1987',3)
INSERT INTO PESSOAS ( NOME ,CPF,RG,DATA_NASCIMENTO,FK_ENDERECO) VALUES ('Pablo de Azeredo','00220528950','899789693','28/02/1922',95)
INSERT INTO PESSOAS ( NOME ,CPF,RG,DATA_NASCIMENTO,FK_ENDERECO) VALUES ('Kelvin do Couto','44032177023','072717567','24/03/1950',42)
INSERT INTO PESSOAS ( NOME ,CPF,RG,DATA_NASCIMENTO,FK_ENDERECO) VALUES ('Lorena Stringuine','19165054490','749954695','10/11/1977',22)
INSERT INTO PESSOAS ( NOME ,CPF,RG,DATA_NASCIMENTO,FK_ENDERECO) VALUES ('Jade Bragatto','27326468907','791565234','04/02/1970',99)
INSERT INTO PESSOAS ( NOME ,CPF,RG,DATA_NASCIMENTO,FK_ENDERECO) VALUES ('Talita Basoni','30544432134','068584609','06/10/1923',94)
INSERT INTO PESSOAS ( NOME ,CPF,RG,DATA_NASCIMENTO,FK_ENDERECO) VALUES ('Maurício Bernabé','15020831247','524871530','18/09/1978',42)
INSERT INTO PESSOAS ( NOME ,CPF,RG,DATA_NASCIMENTO,FK_ENDERECO) VALUES ('Levi Viebrantz','58657754053','726085170','27/04/1980',45)
INSERT INTO PESSOAS ( NOME ,CPF,RG,DATA_NASCIMENTO,FK_ENDERECO) VALUES ('Eduardo Taufner','23296135553','109516489','07/08/1928',18)
INSERT INTO PESSOAS ( NOME ,CPF,RG,DATA_NASCIMENTO,FK_ENDERECO) VALUES ('Luana Bistafa','00598980890','040900935','25/02/1963',31)
INSERT INTO PESSOAS ( NOME ,CPF,RG,DATA_NASCIMENTO,FK_ENDERECO) VALUES ('Fábio Malvezzi','89192795005','864017833','11/01/1993',16)
INSERT INTO PESSOAS ( NOME ,CPF,RG,DATA_NASCIMENTO,FK_ENDERECO) VALUES ('Diana Raposo','99293596563','477741055','24/05/1965',56)
INSERT INTO PESSOAS ( NOME ,CPF,RG,DATA_NASCIMENTO,FK_ENDERECO) VALUES ('Guilherme Calatrone','43488364852','340383952','04/03/1976',77)
INSERT INTO PESSOAS ( NOME ,CPF,RG,DATA_NASCIMENTO,FK_ENDERECO) VALUES ('Igor Raposo','08920948690','052608921','12/01/1992',61)
INSERT INTO PESSOAS ( NOME ,CPF,RG,DATA_NASCIMENTO,FK_ENDERECO) VALUES ('Lorena Brisot','67417697496','347156125','24/04/1950',33)
INSERT INTO PESSOAS ( NOME ,CPF,RG,DATA_NASCIMENTO,FK_ENDERECO) VALUES ('Ingrid Breves','51991070624','520431513','12/10/1931',34)
INSERT INTO PESSOAS ( NOME ,CPF,RG,DATA_NASCIMENTO,FK_ENDERECO) VALUES ('Marcelo Moura Filho','85292159310','296692566','22/07/1946',37)
INSERT INTO PESSOAS ( NOME ,CPF,RG,DATA_NASCIMENTO,FK_ENDERECO) VALUES ('Julia Bernardini','35844862899','106577284','23/11/1934',89)
INSERT INTO PESSOAS ( NOME ,CPF,RG,DATA_NASCIMENTO,FK_ENDERECO) VALUES ('Sofia Chapiniti','89499037411','194854452','14/11/1964',79)
INSERT INTO PESSOAS ( NOME ,CPF,RG,DATA_NASCIMENTO,FK_ENDERECO) VALUES ('Levi Dinis','19182309191','872963949','14/06/1948',64)
INSERT INTO PESSOAS ( NOME ,CPF,RG,DATA_NASCIMENTO,FK_ENDERECO) VALUES ('Bárbara de Avila','15110389691','390609312','05/09/1970',63)
INSERT INTO PESSOAS ( NOME ,CPF,RG,DATA_NASCIMENTO,FK_ENDERECO) VALUES ('Lourenço Figueira','13214649248','745695390','25/10/1971',37)
INSERT INTO PESSOAS ( NOME ,CPF,RG,DATA_NASCIMENTO,FK_ENDERECO) VALUES ('Alexandre Boizam','46777861190','972153379','30/09/1973',43)
INSERT INTO PESSOAS ( NOME ,CPF,RG,DATA_NASCIMENTO,FK_ENDERECO) VALUES ('Yara Curitiba','47400881345','779354506','15/01/1976',56)
INSERT INTO PESSOAS ( NOME ,CPF,RG,DATA_NASCIMENTO,FK_ENDERECO) VALUES ('Kelvin Silva','96666289455','991291808','11/10/1965',19)
INSERT INTO PESSOAS ( NOME ,CPF,RG,DATA_NASCIMENTO,FK_ENDERECO) VALUES ('Sara Pavan','32054270920','284501928','15/11/1977',46)
INSERT INTO PESSOAS ( NOME ,CPF,RG,DATA_NASCIMENTO,FK_ENDERECO) VALUES ('Alexandre Medeiros','80218783710','507943527','03/07/1946',28)
INSERT INTO PESSOAS ( NOME ,CPF,RG,DATA_NASCIMENTO,FK_ENDERECO) VALUES ('Jade Alvernaz','22719695149','478356736','06/12/2003',67)
INSERT INTO PESSOAS ( NOME ,CPF,RG,DATA_NASCIMENTO,FK_ENDERECO) VALUES ('Bernardo Guidini','69623209738','510963994','31/12/1953',27)
INSERT INTO PESSOAS ( NOME ,CPF,RG,DATA_NASCIMENTO,FK_ENDERECO) VALUES ('Carlos Pachequa','25973804240','759248544','03/05/1989',99)
INSERT INTO PESSOAS ( NOME ,CPF,RG,DATA_NASCIMENTO,FK_ENDERECO) VALUES ('Clara de Matos','56194793317','922722287','27/06/1978',73)
INSERT INTO PESSOAS ( NOME ,CPF,RG,DATA_NASCIMENTO,FK_ENDERECO) VALUES ('Leandro Ragazzo','03121561030','648498742','01/04/1932',34)
INSERT INTO PESSOAS ( NOME ,CPF,RG,DATA_NASCIMENTO,FK_ENDERECO) VALUES ('Isabel Madsdatter','37348218601','999027865','19/03/1973',82)
INSERT INTO PESSOAS ( NOME ,CPF,RG,DATA_NASCIMENTO,FK_ENDERECO) VALUES ('Miguel Lemos','83142081089','389693702','04/09/1926',98)
INSERT INTO PESSOAS ( NOME ,CPF,RG,DATA_NASCIMENTO,FK_ENDERECO) VALUES ('Leandro Righetti','02161090780','741944756','08/03/2003',11)
INSERT INTO PESSOAS ( NOME ,CPF,RG,DATA_NASCIMENTO,FK_ENDERECO) VALUES ('Lavínia Viens','91341611205','194170613','08/11/1924',23)
INSERT INTO PESSOAS ( NOME ,CPF,RG,DATA_NASCIMENTO,FK_ENDERECO) VALUES ('Davi Massari','80315334665','884881901','13/11/1982',93)
INSERT INTO PESSOAS ( NOME ,CPF,RG,DATA_NASCIMENTO,FK_ENDERECO) VALUES ('Miguel Grillo','29650413464','187642185','14/09/1998',7)
INSERT INTO PESSOAS ( NOME ,CPF,RG,DATA_NASCIMENTO,FK_ENDERECO) VALUES ('Bruno Rasmusdatter','06402319422','541757517','02/04/1978',84)
INSERT INTO PESSOAS ( NOME ,CPF,RG,DATA_NASCIMENTO,FK_ENDERECO) VALUES ('Pablo Chapiniti','18245335193','061044174','02/01/1938',85)
INSERT INTO PESSOAS ( NOME ,CPF,RG,DATA_NASCIMENTO,FK_ENDERECO) VALUES ('Milene Tonoli','15889008862','065979840','25/02/1978',13)
INSERT INTO PESSOAS ( NOME ,CPF,RG,DATA_NASCIMENTO,FK_ENDERECO) VALUES ('Maria Castelione','56242527227','693862649','12/08/1970',2)
INSERT INTO PESSOAS ( NOME ,CPF,RG,DATA_NASCIMENTO,FK_ENDERECO) VALUES ('Talita Marim','23563059470','981011194','25/08/1941',93)
INSERT INTO PESSOAS ( NOME ,CPF,RG,DATA_NASCIMENTO,FK_ENDERECO) VALUES ('Anita Seraco','50993706673','099599837','28/03/1949',76)
INSERT INTO PESSOAS ( NOME ,CPF,RG,DATA_NASCIMENTO,FK_ENDERECO) VALUES ('Vitória Zucatelli','79532218025','123465361','08/10/1950',51)
INSERT INTO PESSOAS ( NOME ,CPF,RG,DATA_NASCIMENTO,FK_ENDERECO) VALUES ('Tomás Cambiage','51885714718','471396866','22/05/1921',80)
INSERT INTO PESSOAS ( NOME ,CPF,RG,DATA_NASCIMENTO,FK_ENDERECO) VALUES ('Jessica Bortolot','17498949040','538082634','11/05/1964',15)
INSERT INTO PESSOAS ( NOME ,CPF,RG,DATA_NASCIMENTO,FK_ENDERECO) VALUES ('Fabrício Possebon','78748135020','360803240','28/05/1972',64)
INSERT INTO PESSOAS ( NOME ,CPF,RG,DATA_NASCIMENTO,FK_ENDERECO) VALUES ('Carolina Ziviani','45215081115','075895795','27/04/1998',37)
INSERT INTO PESSOAS ( NOME ,CPF,RG,DATA_NASCIMENTO,FK_ENDERECO) VALUES ('Sabrina Caliman','77923391904','905763398','20/03/1951',91)
INSERT INTO PESSOAS ( NOME ,CPF,RG,DATA_NASCIMENTO,FK_ENDERECO) VALUES ('Olívia Peppelenbos','29001854168','978842675','14/03/1974',100)
INSERT INTO PESSOAS ( NOME ,CPF,RG,DATA_NASCIMENTO,FK_ENDERECO) VALUES ('Mateus Bezerra','14503487264','374146852','23/01/1938',67)
INSERT INTO PESSOAS ( NOME ,CPF,RG,DATA_NASCIMENTO,FK_ENDERECO) VALUES ('Bárbara Amorim','99322049863','205498823','21/06/1996',12)
INSERT INTO PESSOAS ( NOME ,CPF,RG,DATA_NASCIMENTO,FK_ENDERECO) VALUES ('João Loreto','56828685954','678543243','04/03/1975',8)
INSERT INTO PESSOAS ( NOME ,CPF,RG,DATA_NASCIMENTO,FK_ENDERECO) VALUES ('Matheus Furlan','90329551019','928556024','12/01/2001',50)
INSERT INTO PESSOAS ( NOME ,CPF,RG,DATA_NASCIMENTO,FK_ENDERECO) VALUES ('António Pianissoli','81621359956','356791168','01/12/1972',81)
INSERT INTO PESSOAS ( NOME ,CPF,RG,DATA_NASCIMENTO,FK_ENDERECO) VALUES ('Martim Filete','80418989044','882317816','21/11/1987',70)
INSERT INTO PESSOAS ( NOME ,CPF,RG,DATA_NASCIMENTO,FK_ENDERECO) VALUES ('Gabriel Laiberetor','97665016707','417911081','23/11/2001',79)
INSERT INTO PESSOAS ( NOME ,CPF,RG,DATA_NASCIMENTO,FK_ENDERECO) VALUES ('Kevin Colodeta','37309822226','468233817','12/03/1961',17)
INSERT INTO PESSOAS ( NOME ,CPF,RG,DATA_NASCIMENTO,FK_ENDERECO) VALUES ('Jonathan Jensdatter','76800651796','776642350','14/08/1927',75)
INSERT INTO PESSOAS ( NOME ,CPF,RG,DATA_NASCIMENTO,FK_ENDERECO) VALUES ('Cloe Colombi','73463620987','833291074','14/01/1995',20)
INSERT INTO PESSOAS ( NOME ,CPF,RG,DATA_NASCIMENTO,FK_ENDERECO) VALUES ('Clara de Magalhães','23535715814','702112160','31/07/1931',44)
INSERT INTO PESSOAS ( NOME ,CPF,RG,DATA_NASCIMENTO,FK_ENDERECO) VALUES ('Vitória Augustsen','00173926835','034495997','21/04/1997',14)
INSERT INTO PESSOAS ( NOME ,CPF,RG,DATA_NASCIMENTO,FK_ENDERECO) VALUES ('Marcela de Mattos','22824826703','691990734','02/07/1987',3)
INSERT INTO PESSOAS ( NOME ,CPF,RG,DATA_NASCIMENTO,FK_ENDERECO) VALUES ('Julia Sartori','00533944023','447067045','30/06/1943',77)
INSERT INTO PESSOAS ( NOME ,CPF,RG,DATA_NASCIMENTO,FK_ENDERECO) VALUES ('Brenda de Sousa','71959111442','934013377','31/10/1951',99)
INSERT INTO PESSOAS ( NOME ,CPF,RG,DATA_NASCIMENTO,FK_ENDERECO) VALUES ('Isadora Perota','93717377604','230373477','05/01/1930',89)
INSERT INTO PESSOAS ( NOME ,CPF,RG,DATA_NASCIMENTO,FK_ENDERECO) VALUES ('Emanuelle Ogura','77822545159','288565027','23/11/1979',23)
INSERT INTO PESSOAS ( NOME ,CPF,RG,DATA_NASCIMENTO,FK_ENDERECO) VALUES ('Bianca Lucchetta','15105950151','810962425','06/05/1948',16)
INSERT INTO PESSOAS ( NOME ,CPF,RG,DATA_NASCIMENTO,FK_ENDERECO) VALUES ('Joaquim Rizzato','52132266204','352189993','07/08/1995',93)
INSERT INTO PESSOAS ( NOME ,CPF,RG,DATA_NASCIMENTO,FK_ENDERECO) VALUES ('Lucca Facundes','10480171920','968779088','25/05/1952',67)
INSERT INTO PESSOAS ( NOME ,CPF,RG,DATA_NASCIMENTO,FK_ENDERECO) VALUES ('Francisco Falqueto','96878280133','595565338','19/03/1973',94)
INSERT INTO PESSOAS ( NOME ,CPF,RG,DATA_NASCIMENTO,FK_ENDERECO) VALUES ('Fabrício Kirmse','78134966713','665120565','18/12/1946',50)
INSERT INTO PESSOAS ( NOME ,CPF,RG,DATA_NASCIMENTO,FK_ENDERECO) VALUES ('Larissa Claudino','73563524785','621018824','01/05/1999',94)
INSERT INTO PESSOAS ( NOME ,CPF,RG,DATA_NASCIMENTO,FK_ENDERECO) VALUES ('Sara Braido','23690334608','147122627','04/05/1943',60)
INSERT INTO PESSOAS ( NOME ,CPF,RG,DATA_NASCIMENTO,FK_ENDERECO) VALUES ('Rodrigo Gregio','01682009700','057899429','25/08/1933',56)
INSERT INTO PESSOAS ( NOME ,CPF,RG,DATA_NASCIMENTO,FK_ENDERECO) VALUES ('Helena Hansdatter','68358397402','965967363','29/06/1951',15)
INSERT INTO PESSOAS ( NOME ,CPF,RG,DATA_NASCIMENTO,FK_ENDERECO) VALUES ('Pietra Corte','93805222823','542798843','01/04/1954',19)
INSERT INTO PESSOAS ( NOME ,CPF,RG,DATA_NASCIMENTO,FK_ENDERECO) VALUES ('Lia George','21795961546','123939674','13/01/1961',85)
INSERT INTO PESSOAS ( NOME ,CPF,RG,DATA_NASCIMENTO,FK_ENDERECO) VALUES ('Isaac Vinco','20762435690','282732619','03/08/1988',84)
INSERT INTO PESSOAS ( NOME ,CPF,RG,DATA_NASCIMENTO,FK_ENDERECO) VALUES ('Anderson Woodward','07091270304','143603662','16/06/1990',53)
INSERT INTO PESSOAS ( NOME ,CPF,RG,DATA_NASCIMENTO,FK_ENDERECO) VALUES ('Cecília Tozzi','22609410956','310327037','13/02/1948',17)
INSERT INTO PESSOAS ( NOME ,CPF,RG,DATA_NASCIMENTO,FK_ENDERECO) VALUES ('Emanuela Simon','88138744561','427986604','04/11/1939',19)
INSERT INTO PESSOAS ( NOME ,CPF,RG,DATA_NASCIMENTO,FK_ENDERECO) VALUES ('Bruno Neves','61469884640','744826211','16/08/1935',46)
INSERT INTO PESSOAS ( NOME ,CPF,RG,DATA_NASCIMENTO,FK_ENDERECO) VALUES ('Maria de Martin','17792075141','245652733','14/08/1996',53)
INSERT INTO PESSOAS ( NOME ,CPF,RG,DATA_NASCIMENTO,FK_ENDERECO) VALUES ('Ramom Lorenzini','69411166334','442730631','19/05/1964',36)
INSERT INTO PESSOAS ( NOME ,CPF,RG,DATA_NASCIMENTO,FK_ENDERECO) VALUES ('Rafaela Sanson','68134303005','632744008','13/07/1983',71)
INSERT INTO PESSOAS ( NOME ,CPF,RG,DATA_NASCIMENTO,FK_ENDERECO) VALUES ('Isadora Carnielle','48967425678','191248697','20/06/1978',80)
INSERT INTO PESSOAS ( NOME ,CPF,RG,DATA_NASCIMENTO,FK_ENDERECO) VALUES ('Júlia Madsdatter','04423140861','629385580','28/01/1959',82)
INSERT INTO PESSOAS ( NOME ,CPF,RG,DATA_NASCIMENTO,FK_ENDERECO) VALUES ('João Botteon','41323690999','560076338','27/04/2000',22)
INSERT INTO PESSOAS ( NOME ,CPF,RG,DATA_NASCIMENTO,FK_ENDERECO) VALUES ('Amanda Santos','66401301228','186141343','31/07/1950',11)
INSERT INTO PESSOAS ( NOME ,CPF,RG,DATA_NASCIMENTO,FK_ENDERECO) VALUES ('Miguel Néspoli','35340336395','569008162','31/10/1996',85)
INSERT INTO PESSOAS ( NOME ,CPF,RG,DATA_NASCIMENTO,FK_ENDERECO) VALUES ('Wilian Bregolin','23534890876','167657826','01/03/2003',31)
INSERT INTO PESSOAS ( NOME ,CPF,RG,DATA_NASCIMENTO,FK_ENDERECO) VALUES ('Alícia Meirelles','44533622933','137342207','27/10/1962',61)
INSERT INTO PESSOAS ( NOME ,CPF,RG,DATA_NASCIMENTO,FK_ENDERECO) VALUES ('Gustavo Donald','06636310502','967843416','08/08/1989',94)
INSERT INTO PESSOAS ( NOME ,CPF,RG,DATA_NASCIMENTO,FK_ENDERECO) VALUES ('Lorena Pagoto','97277997107','400906850','25/12/1928',49)
INSERT INTO PESSOAS ( NOME ,CPF,RG,DATA_NASCIMENTO,FK_ENDERECO) VALUES ('Anderson Morgan','95723915509','649547973','07/05/1955',4)
INSERT INTO PESSOAS ( NOME ,CPF,RG,DATA_NASCIMENTO,FK_ENDERECO) VALUES ('Kelvin Christ','22487191830','494636179','10/06/1992',75)
INSERT INTO PESSOAS ( NOME ,CPF,RG,DATA_NASCIMENTO,FK_ENDERECO) VALUES ('João Trave','17295937552','298615698','28/04/2000',64)
INSERT INTO PESSOAS ( NOME ,CPF,RG,DATA_NASCIMENTO,FK_ENDERECO) VALUES ('Maurício Viens','01365185834','069807862','02/12/1966',24)
INSERT INTO PESSOAS ( NOME ,CPF,RG,DATA_NASCIMENTO,FK_ENDERECO) VALUES ('Samuel Sesconeto','35175243012','003454373','08/07/1948',19)
INSERT INTO PESSOAS ( NOME ,CPF,RG,DATA_NASCIMENTO,FK_ENDERECO) VALUES ('Sarah Amélia','46112588900','356553323','11/03/1979',57)
INSERT INTO PESSOAS ( NOME ,CPF,RG,DATA_NASCIMENTO,FK_ENDERECO) VALUES ('Theo Bassani','56433395287','693004741','23/04/1934',10)
INSERT INTO PESSOAS ( NOME ,CPF,RG,DATA_NASCIMENTO,FK_ENDERECO) VALUES ('Maitê Leite','67430724272','441269607','04/07/1935',52)
INSERT INTO PESSOAS ( NOME ,CPF,RG,DATA_NASCIMENTO,FK_ENDERECO) VALUES ('Gabriela Boldrin','18525207012','133246313','19/08/1966',50)
INSERT INTO PESSOAS ( NOME ,CPF,RG,DATA_NASCIMENTO,FK_ENDERECO) VALUES ('Hugo Gomes','16023084206','557257961','11/11/1962',90)
INSERT INTO PESSOAS ( NOME ,CPF,RG,DATA_NASCIMENTO,FK_ENDERECO) VALUES ('Isabelly Brum','77179787418','365658754','27/12/1979',25)
INSERT INTO PESSOAS ( NOME ,CPF,RG,DATA_NASCIMENTO,FK_ENDERECO) VALUES ('Caio Mazoco','47102684606','888116370','18/02/1975',22)
INSERT INTO PESSOAS ( NOME ,CPF,RG,DATA_NASCIMENTO,FK_ENDERECO) VALUES ('Ian Bragato','18932302286','224375723','26/09/1949',11)
INSERT INTO PESSOAS ( NOME ,CPF,RG,DATA_NASCIMENTO,FK_ENDERECO) VALUES ('David Fabro','22238609156','389354645','27/01/1956',56)
INSERT INTO PESSOAS ( NOME ,CPF,RG,DATA_NASCIMENTO,FK_ENDERECO) VALUES ('Paloma Silva','64893726307','291719211','01/11/1994',56)
INSERT INTO PESSOAS ( NOME ,CPF,RG,DATA_NASCIMENTO,FK_ENDERECO) VALUES ('Rafael Delaparte','02577342608','880785801','07/01/1958',63)
INSERT INTO PESSOAS ( NOME ,CPF,RG,DATA_NASCIMENTO,FK_ENDERECO) VALUES ('Guilherme Merenciano','25146411280','462418766','27/01/1968',38)
INSERT INTO PESSOAS ( NOME ,CPF,RG,DATA_NASCIMENTO,FK_ENDERECO) VALUES ('Nicolas Magro','84604486301','194019055','30/04/1990',70)
INSERT INTO PESSOAS ( NOME ,CPF,RG,DATA_NASCIMENTO,FK_ENDERECO) VALUES ('Anderson Cocco','48927634039','338152169','15/05/1927',7)
INSERT INTO PESSOAS ( NOME ,CPF,RG,DATA_NASCIMENTO,FK_ENDERECO) VALUES ('Yasmin de Figueiredo','51673655629','243990403','01/09/1985',37)
INSERT INTO PESSOAS ( NOME ,CPF,RG,DATA_NASCIMENTO,FK_ENDERECO) VALUES ('Talita Pescador','91989098436','861336541','18/07/1963',47)
INSERT INTO PESSOAS ( NOME ,CPF,RG,DATA_NASCIMENTO,FK_ENDERECO) VALUES ('Jessica Zanon','75220352440','825747019','10/04/1964',35)
INSERT INTO PESSOAS ( NOME ,CPF,RG,DATA_NASCIMENTO,FK_ENDERECO) VALUES ('Camila Botelho','95805762706','215592622','23/06/1973',59)
INSERT INTO PESSOAS ( NOME ,CPF,RG,DATA_NASCIMENTO,FK_ENDERECO) VALUES ('Lucca Araújo','11678946931','321907258','15/11/1940',39)
INSERT INTO PESSOAS ( NOME ,CPF,RG,DATA_NASCIMENTO,FK_ENDERECO) VALUES ('Bárbara Ragazzo','31389707881','405940376','08/02/1974',27)
INSERT INTO PESSOAS ( NOME ,CPF,RG,DATA_NASCIMENTO,FK_ENDERECO) VALUES ('Bryan Monteiro','27034435790','733798407','23/04/1978',72)
INSERT INTO PESSOAS ( NOME ,CPF,RG,DATA_NASCIMENTO,FK_ENDERECO) VALUES ('Pamela Faria','33161243064','820994830','17/04/1952',71)
INSERT INTO PESSOAS ( NOME ,CPF,RG,DATA_NASCIMENTO,FK_ENDERECO) VALUES ('Maurício Pin','39258448480','281602957','02/11/1971',69)
INSERT INTO PESSOAS ( NOME ,CPF,RG,DATA_NASCIMENTO,FK_ENDERECO) VALUES ('Emanuel Perota','63388374562','091666366','21/06/1964',28)
INSERT INTO PESSOAS ( NOME ,CPF,RG,DATA_NASCIMENTO,FK_ENDERECO) VALUES ('José Prado','74913468987','092731071','08/05/1992',72)
INSERT INTO PESSOAS ( NOME ,CPF,RG,DATA_NASCIMENTO,FK_ENDERECO) VALUES ('Larissa Leonardes','37963185094','168653653','08/07/1943',23)
INSERT INTO PESSOAS ( NOME ,CPF,RG,DATA_NASCIMENTO,FK_ENDERECO) VALUES ('Lorena Manoel','74635005607','506276093','16/10/1952',6)
INSERT INTO PESSOAS ( NOME ,CPF,RG,DATA_NASCIMENTO,FK_ENDERECO) VALUES ('Lorenzo de Vasconcelos','82759852857','784220737','18/12/2000',49)
INSERT INTO PESSOAS ( NOME ,CPF,RG,DATA_NASCIMENTO,FK_ENDERECO) VALUES ('Karen Schioter','17166396385','888646956','08/06/1963',99)
INSERT INTO PESSOAS ( NOME ,CPF,RG,DATA_NASCIMENTO,FK_ENDERECO) VALUES ('Ana Réboli','90332875369','484126328','24/03/1988',4)
INSERT INTO PESSOAS ( NOME ,CPF,RG,DATA_NASCIMENTO,FK_ENDERECO) VALUES ('Yuri Carazas','23992786587','941265710','21/04/1933',32)
INSERT INTO PESSOAS ( NOME ,CPF,RG,DATA_NASCIMENTO,FK_ENDERECO) VALUES ('Maria Carvalho','33643160747','561213781','13/01/1922',3)
INSERT INTO PESSOAS ( NOME ,CPF,RG,DATA_NASCIMENTO,FK_ENDERECO) VALUES ('Fernanda Cardoso','25475947147','529013333','11/06/2000',59)
INSERT INTO PESSOAS ( NOME ,CPF,RG,DATA_NASCIMENTO,FK_ENDERECO) VALUES ('Laís Rangel','64592683390','993304383','23/03/1955',4)
INSERT INTO PESSOAS ( NOME ,CPF,RG,DATA_NASCIMENTO,FK_ENDERECO) VALUES ('Bianca Frandsen','57507263126','836756409','11/08/1950',11)
INSERT INTO PESSOAS ( NOME ,CPF,RG,DATA_NASCIMENTO,FK_ENDERECO) VALUES ('Theo Pasca','40435612107','976838037','20/11/1977',1)
INSERT INTO PESSOAS ( NOME ,CPF,RG,DATA_NASCIMENTO,FK_ENDERECO) VALUES ('Bryan Merenciano','27236106674','397116216','07/04/1967',47)
INSERT INTO PESSOAS ( NOME ,CPF,RG,DATA_NASCIMENTO,FK_ENDERECO) VALUES ('Laís Christensdatter','11873975805','505279154','17/07/1938',37)
INSERT INTO PESSOAS ( NOME ,CPF,RG,DATA_NASCIMENTO,FK_ENDERECO) VALUES ('Michael Barnett','81468671030','694439948','19/04/1921',87)
INSERT INTO PESSOAS ( NOME ,CPF,RG,DATA_NASCIMENTO,FK_ENDERECO) VALUES ('Isabel Shoel','93952606456','087369854','24/11/1976',92)
INSERT INTO PESSOAS ( NOME ,CPF,RG,DATA_NASCIMENTO,FK_ENDERECO) VALUES ('Isadora Carvalho','05066898590','939588242','09/02/1970',30)
INSERT INTO PESSOAS ( NOME ,CPF,RG,DATA_NASCIMENTO,FK_ENDERECO) VALUES ('Cecília Rios','85971789902','855588729','03/10/1992',90)
INSERT INTO PESSOAS ( NOME ,CPF,RG,DATA_NASCIMENTO,FK_ENDERECO) VALUES ('Muriel Ostigui Domingue','82103094042','794438395','01/12/1938',73)
INSERT INTO PESSOAS ( NOME ,CPF,RG,DATA_NASCIMENTO,FK_ENDERECO) VALUES ('Letícia Piassarolli','63018258614','381887514','12/07/1937',48)
INSERT INTO PESSOAS ( NOME ,CPF,RG,DATA_NASCIMENTO,FK_ENDERECO) VALUES ('Eduarda Brancaglioni','83590775335','048694623','08/02/1994',89)
INSERT INTO PESSOAS ( NOME ,CPF,RG,DATA_NASCIMENTO,FK_ENDERECO) VALUES ('Paloma Augusto','97848064107','423195306','22/04/2001',7)
INSERT INTO PESSOAS ( NOME ,CPF,RG,DATA_NASCIMENTO,FK_ENDERECO) VALUES ('Enzo Premoli','17687652606','637147074','20/12/1996',88)
INSERT INTO PESSOAS ( NOME ,CPF,RG,DATA_NASCIMENTO,FK_ENDERECO) VALUES ('Tomás Luis','62928254854','710746062','19/05/1926',94)
INSERT INTO PESSOAS ( NOME ,CPF,RG,DATA_NASCIMENTO,FK_ENDERECO) VALUES ('Laís Constâncio','11210971542','437231852','01/06/1982',34)
INSERT INTO PESSOAS ( NOME ,CPF,RG,DATA_NASCIMENTO,FK_ENDERECO) VALUES ('Felipe Laura','17173054400','567273950','06/05/1929',41)
INSERT INTO PESSOAS ( NOME ,CPF,RG,DATA_NASCIMENTO,FK_ENDERECO) VALUES ('Laís Poli','16850647016','957839208','25/07/1987',100)
INSERT INTO PESSOAS ( NOME ,CPF,RG,DATA_NASCIMENTO,FK_ENDERECO) VALUES ('Bernardo Zantonelli','70002262185','710344104','01/08/1943',19)
INSERT INTO PESSOAS ( NOME ,CPF,RG,DATA_NASCIMENTO,FK_ENDERECO) VALUES ('Antônio Ivonete','57312759394','464122533','14/01/1938',27)
INSERT INTO PESSOAS ( NOME ,CPF,RG,DATA_NASCIMENTO,FK_ENDERECO) VALUES ('Thiago Costa','78702768470','618107786','19/07/1956',59)
INSERT INTO PESSOAS ( NOME ,CPF,RG,DATA_NASCIMENTO,FK_ENDERECO) VALUES ('Ingrid Bindaco','60340636122','511398756','28/06/1981',48)
INSERT INTO PESSOAS ( NOME ,CPF,RG,DATA_NASCIMENTO,FK_ENDERECO) VALUES ('Emanuelly de Araújo','63213415766','853978408','19/12/1959',88)
INSERT INTO PESSOAS ( NOME ,CPF,RG,DATA_NASCIMENTO,FK_ENDERECO) VALUES ('Marina Mastrantoni','40305798502','996938126','26/04/1995',81)
INSERT INTO PESSOAS ( NOME ,CPF,RG,DATA_NASCIMENTO,FK_ENDERECO) VALUES ('Luis Dias','15375339242','846568510','01/08/1999',90)
INSERT INTO PESSOAS ( NOME ,CPF,RG,DATA_NASCIMENTO,FK_ENDERECO) VALUES ('Cloe Segrini','40927571153','460685589','22/05/1964',32)
INSERT INTO PESSOAS ( NOME ,CPF,RG,DATA_NASCIMENTO,FK_ENDERECO) VALUES ('Julia Trave','22010534999','442950781','14/02/1974',30)
INSERT INTO PESSOAS ( NOME ,CPF,RG,DATA_NASCIMENTO,FK_ENDERECO) VALUES ('Bernardo Tonin','69354476821','972870188','18/06/1936',42)
INSERT INTO PESSOAS ( NOME ,CPF,RG,DATA_NASCIMENTO,FK_ENDERECO) VALUES ('Thiago Castro','11931830819','003641522','09/02/1986',78)
INSERT INTO PESSOAS ( NOME ,CPF,RG,DATA_NASCIMENTO,FK_ENDERECO) VALUES ('Alice Zanchetin','86833394407','641927534','13/02/1986',26)
INSERT INTO PESSOAS ( NOME ,CPF,RG,DATA_NASCIMENTO,FK_ENDERECO) VALUES ('Cauã Eça','82418653765','833552521','21/01/1984',92)
INSERT INTO PESSOAS ( NOME ,CPF,RG,DATA_NASCIMENTO,FK_ENDERECO) VALUES ('Lia Vicente','28755277381','359128152','07/09/1938',52)
INSERT INTO PESSOAS ( NOME ,CPF,RG,DATA_NASCIMENTO,FK_ENDERECO) VALUES ('Leonardo Casteluber','21347350667','922976093','23/01/1957',30)
INSERT INTO PESSOAS ( NOME ,CPF,RG,DATA_NASCIMENTO,FK_ENDERECO) VALUES ('Ian de Candia','99212007988','609106416','11/07/1957',58)
INSERT INTO PESSOAS ( NOME ,CPF,RG,DATA_NASCIMENTO,FK_ENDERECO) VALUES ('Micaela Sarnaglia','19417193686','831977370','17/04/1937',53)
INSERT INTO PESSOAS ( NOME ,CPF,RG,DATA_NASCIMENTO,FK_ENDERECO) VALUES ('Nicole Moura','16606254086','125998684','29/10/1952',90)
INSERT INTO PESSOAS ( NOME ,CPF,RG,DATA_NASCIMENTO,FK_ENDERECO) VALUES ('Giovana Harper','14402121477','076309615','13/11/1961',71)
INSERT INTO PESSOAS ( NOME ,CPF,RG,DATA_NASCIMENTO,FK_ENDERECO) VALUES ('Henrique Amaral','96540921586','647650927','24/04/2001',26)
INSERT INTO PESSOAS ( NOME ,CPF,RG,DATA_NASCIMENTO,FK_ENDERECO) VALUES ('Nicolas Barrazuol','60713452196','393263446','23/11/1963',82)
INSERT INTO PESSOAS ( NOME ,CPF,RG,DATA_NASCIMENTO,FK_ENDERECO) VALUES ('Fernando Rios','77594898893','796104833','12/08/1929',20)
INSERT INTO PESSOAS ( NOME ,CPF,RG,DATA_NASCIMENTO,FK_ENDERECO) VALUES ('Pietro Colli','16922813804','694962574','06/07/2003',68)
INSERT INTO PESSOAS ( NOME ,CPF,RG,DATA_NASCIMENTO,FK_ENDERECO) VALUES ('Pedro Sa','78446452960','456951315','03/11/1977',2)
INSERT INTO PESSOAS ( NOME ,CPF,RG,DATA_NASCIMENTO,FK_ENDERECO) VALUES ('Maria Cuman','24366776464','358133885','30/03/1924',29)
INSERT INTO PESSOAS ( NOME ,CPF,RG,DATA_NASCIMENTO,FK_ENDERECO) VALUES ('Talita Mesquita','05784531263','249549092','15/08/1982',72)
INSERT INTO PESSOAS ( NOME ,CPF,RG,DATA_NASCIMENTO,FK_ENDERECO) VALUES ('Yasmine Barros','81389790037','772032948','17/03/1993',56)
INSERT INTO PESSOAS ( NOME ,CPF,RG,DATA_NASCIMENTO,FK_ENDERECO) VALUES ('Aline Congo','42917781718','141079900','04/04/1961',32)
INSERT INTO PESSOAS ( NOME ,CPF,RG,DATA_NASCIMENTO,FK_ENDERECO) VALUES ('Leticia Lorençon','76081553108','431658178','27/12/1987',55)
INSERT INTO PESSOAS ( NOME ,CPF,RG,DATA_NASCIMENTO,FK_ENDERECO) VALUES ('Jessica Passos','38389653885','223822568','25/07/1923',79)
INSERT INTO PESSOAS ( NOME ,CPF,RG,DATA_NASCIMENTO,FK_ENDERECO) VALUES ('Theo da Rosa','62395923150','360788344','04/12/1954',38)
INSERT INTO PESSOAS ( NOME ,CPF,RG,DATA_NASCIMENTO,FK_ENDERECO) VALUES ('Pablo Pacheco','77414751007','273533079','20/05/2001',82)
INSERT INTO PESSOAS ( NOME ,CPF,RG,DATA_NASCIMENTO,FK_ENDERECO) VALUES ('Maria de Barcellos','19945008323','815823447','26/01/1960',5)
INSERT INTO PESSOAS ( NOME ,CPF,RG,DATA_NASCIMENTO,FK_ENDERECO) VALUES ('Milene Pereira','26342472815','451845089','30/03/1984',69)
INSERT INTO PESSOAS ( NOME ,CPF,RG,DATA_NASCIMENTO,FK_ENDERECO) VALUES ('Matheus Meneses','80096790628','009194534','19/10/1938',34)
INSERT INTO PESSOAS ( NOME ,CPF,RG,DATA_NASCIMENTO,FK_ENDERECO) VALUES ('Alícia Knudsen','60710646194','967926303','31/10/1947',96)
INSERT INTO PESSOAS ( NOME ,CPF,RG,DATA_NASCIMENTO,FK_ENDERECO) VALUES ('Caio Fontes','05425516401','087603639','07/04/1969',50)
INSERT INTO PESSOAS ( NOME ,CPF,RG,DATA_NASCIMENTO,FK_ENDERECO) VALUES ('Maria Pino','57440737369','485697329','04/10/1992',50)
INSERT INTO PESSOAS ( NOME ,CPF,RG,DATA_NASCIMENTO,FK_ENDERECO) VALUES ('Bruna Kiefer','61746673168','197344104','29/09/1944',25)
INSERT INTO PESSOAS ( NOME ,CPF,RG,DATA_NASCIMENTO,FK_ENDERECO) VALUES ('Marcela Caridade','30439411955','087864835','20/11/1957',94)
INSERT INTO PESSOAS ( NOME ,CPF,RG,DATA_NASCIMENTO,FK_ENDERECO) VALUES ('Ariana Dutra','82391977875','493296194','25/10/1950',5)
INSERT INTO PESSOAS ( NOME ,CPF,RG,DATA_NASCIMENTO,FK_ENDERECO) VALUES ('Heitor Monteiro','18648149347','521097847','10/11/1984',18)
INSERT INTO PESSOAS ( NOME ,CPF,RG,DATA_NASCIMENTO,FK_ENDERECO) VALUES ('Ágata Colombi','29770927902','348618466','11/05/1970',62)
INSERT INTO PESSOAS ( NOME ,CPF,RG,DATA_NASCIMENTO,FK_ENDERECO) VALUES ('Giovanna Rocha','83843424667','643982600','30/12/1934',3)
INSERT INTO PESSOAS ( NOME ,CPF,RG,DATA_NASCIMENTO,FK_ENDERECO) VALUES ('Emanuel Paes','51846972760','375476091','16/06/1971',91)
INSERT INTO PESSOAS ( NOME ,CPF,RG,DATA_NASCIMENTO,FK_ENDERECO) VALUES ('Fernanda Pessanha','14989681983','182764928','19/03/1983',22)
INSERT INTO PESSOAS ( NOME ,CPF,RG,DATA_NASCIMENTO,FK_ENDERECO) VALUES ('Marco Zanoni','32084227500','691165075','11/04/1959',8)
INSERT INTO PESSOAS ( NOME ,CPF,RG,DATA_NASCIMENTO,FK_ENDERECO) VALUES ('Emanuela Mendes','84942538246','216891827','25/01/1946',14)
INSERT INTO PESSOAS ( NOME ,CPF,RG,DATA_NASCIMENTO,FK_ENDERECO) VALUES ('Juliano Antunes','03733900502','147345676','12/02/1992',78)
INSERT INTO PESSOAS ( NOME ,CPF,RG,DATA_NASCIMENTO,FK_ENDERECO) VALUES ('Martim Kristensen','05934662090','898782316','15/02/1938',78)
INSERT INTO PESSOAS ( NOME ,CPF,RG,DATA_NASCIMENTO,FK_ENDERECO) VALUES ('Brenda Teles','98303717600','269073750','25/11/1968',92)
INSERT INTO PESSOAS ( NOME ,CPF,RG,DATA_NASCIMENTO,FK_ENDERECO) VALUES ('Heloísa Carnielle','49948445180','394876039','17/12/1975',60)
INSERT INTO PESSOAS ( NOME ,CPF,RG,DATA_NASCIMENTO,FK_ENDERECO) VALUES ('Beatriz Selvatici','11803862564','403030728','15/08/1959',43)
INSERT INTO PESSOAS ( NOME ,CPF,RG,DATA_NASCIMENTO,FK_ENDERECO) VALUES ('Marina do Rosário','88662945864','783892321','23/08/1975',56)
INSERT INTO PESSOAS ( NOME ,CPF,RG,DATA_NASCIMENTO,FK_ENDERECO) VALUES ('Michael Milanezi','02086032714','337911100','28/06/1976',59)
INSERT INTO PESSOAS ( NOME ,CPF,RG,DATA_NASCIMENTO,FK_ENDERECO) VALUES ('Benjamim Cricco','96587267122','850448112','12/10/1940',91)
INSERT INTO PESSOAS ( NOME ,CPF,RG,DATA_NASCIMENTO,FK_ENDERECO) VALUES ('Manuela Freitas','43160435520','947170475','13/06/2001',75)
INSERT INTO PESSOAS ( NOME ,CPF,RG,DATA_NASCIMENTO,FK_ENDERECO) VALUES ('Isa Perin','34542158110','875721986','19/08/1998',54)
INSERT INTO PESSOAS ( NOME ,CPF,RG,DATA_NASCIMENTO,FK_ENDERECO) VALUES ('Miguel Resolen','05724636930','273449489','29/06/1938',60)
INSERT INTO PESSOAS ( NOME ,CPF,RG,DATA_NASCIMENTO,FK_ENDERECO) VALUES ('Felipe de Azebedo','08399385786','045962155','15/11/1934',73)
INSERT INTO PESSOAS ( NOME ,CPF,RG,DATA_NASCIMENTO,FK_ENDERECO) VALUES ('Rebeca Mesquita','14583919301','530349524','21/12/1989',53)
INSERT INTO PESSOAS ( NOME ,CPF,RG,DATA_NASCIMENTO,FK_ENDERECO) VALUES ('Filipe Piai','84784107320','081294115','29/07/1941',78)
INSERT INTO PESSOAS ( NOME ,CPF,RG,DATA_NASCIMENTO,FK_ENDERECO) VALUES ('Maitê Santos','34620494453','909978249','14/12/1957',5)
INSERT INTO PESSOAS ( NOME ,CPF,RG,DATA_NASCIMENTO,FK_ENDERECO) VALUES ('Raquel Oliveira','29614582260','684513118','22/02/1946',68)
INSERT INTO PESSOAS ( NOME ,CPF,RG,DATA_NASCIMENTO,FK_ENDERECO) VALUES ('Daniel Sørensen','14476460968','405727688','05/08/1932',40)
INSERT INTO PESSOAS ( NOME ,CPF,RG,DATA_NASCIMENTO,FK_ENDERECO) VALUES ('Ariana Luca','72148493647','162615641','01/06/1996',39)
INSERT INTO PESSOAS ( NOME ,CPF,RG,DATA_NASCIMENTO,FK_ENDERECO) VALUES ('Alícia Palù','07028389774','662777707','27/05/1924',52)
INSERT INTO PESSOAS ( NOME ,CPF,RG,DATA_NASCIMENTO,FK_ENDERECO) VALUES ('Paulo Toze','33252193736','489706882','07/06/1940',44)
INSERT INTO PESSOAS ( NOME ,CPF,RG,DATA_NASCIMENTO,FK_ENDERECO) VALUES ('Melissa Grassetto','68637796419','747037335','20/01/2000',26)
INSERT INTO PESSOAS ( NOME ,CPF,RG,DATA_NASCIMENTO,FK_ENDERECO) VALUES ('Nicole Bassul','32563450004','620907688','20/08/1976',95)
INSERT INTO PESSOAS ( NOME ,CPF,RG,DATA_NASCIMENTO,FK_ENDERECO) VALUES ('Paloma Johansdatter','37311936551','642984720','06/01/1955',12)
INSERT INTO PESSOAS ( NOME ,CPF,RG,DATA_NASCIMENTO,FK_ENDERECO) VALUES ('Bryan Boarin','67575508732','986028272','14/01/1976',71)
INSERT INTO PESSOAS ( NOME ,CPF,RG,DATA_NASCIMENTO,FK_ENDERECO) VALUES ('Júlio Barcelos','59679576000','990103905','19/04/1977',40)
INSERT INTO PESSOAS ( NOME ,CPF,RG,DATA_NASCIMENTO,FK_ENDERECO) VALUES ('João Pilato','23809764574','861774783','01/03/1967',27)
INSERT INTO PESSOAS ( NOME ,CPF,RG,DATA_NASCIMENTO,FK_ENDERECO) VALUES ('João Airoso','18059542885','565554191','30/03/1951',88)
INSERT INTO PESSOAS ( NOME ,CPF,RG,DATA_NASCIMENTO,FK_ENDERECO) VALUES ('Eduardo Mace','97062478660','644369827','19/03/1985',33)
INSERT INTO PESSOAS ( NOME ,CPF,RG,DATA_NASCIMENTO,FK_ENDERECO) VALUES ('Rafael do Couto','57715990779','279931652','22/02/1962',93)
INSERT INTO PESSOAS ( NOME ,CPF,RG,DATA_NASCIMENTO,FK_ENDERECO) VALUES ('Ian Minet','50814460097','483725104','06/05/1965',99)
INSERT INTO PESSOAS ( NOME ,CPF,RG,DATA_NASCIMENTO,FK_ENDERECO) VALUES ('Lorenzo Harper','38123514395','288167196','08/09/1935',26)
INSERT INTO PESSOAS ( NOME ,CPF,RG,DATA_NASCIMENTO,FK_ENDERECO) VALUES ('Joaquim Taufner','96313591666','255080860','31/07/1954',23)
INSERT INTO PESSOAS ( NOME ,CPF,RG,DATA_NASCIMENTO,FK_ENDERECO) VALUES ('Bianca Conde','04046271108','397385147','24/09/1991',19)
INSERT INTO PESSOAS ( NOME ,CPF,RG,DATA_NASCIMENTO,FK_ENDERECO) VALUES ('Larissa Soares','59307672466','020543042','10/04/1952',71)
INSERT INTO PESSOAS ( NOME ,CPF,RG,DATA_NASCIMENTO,FK_ENDERECO) VALUES ('Giovanna Guldbrandsdatter','26509872781','010495750','04/09/1965',32)
INSERT INTO PESSOAS ( NOME ,CPF,RG,DATA_NASCIMENTO,FK_ENDERECO) VALUES ('Pedro Felete','21263175368','775764264','17/07/1957',58)
INSERT INTO PESSOAS ( NOME ,CPF,RG,DATA_NASCIMENTO,FK_ENDERECO) VALUES ('Matheus Firese','65399017989','683502439','29/06/1921',35)
INSERT INTO PESSOAS ( NOME ,CPF,RG,DATA_NASCIMENTO,FK_ENDERECO) VALUES ('Maria Muraro','10448572508','947108876','14/10/1989',26)
INSERT INTO PESSOAS ( NOME ,CPF,RG,DATA_NASCIMENTO,FK_ENDERECO) VALUES ('Rebeca Bertone','65769160861','162793482','23/03/1943',54)
INSERT INTO PESSOAS ( NOME ,CPF,RG,DATA_NASCIMENTO,FK_ENDERECO) VALUES ('Flávio Maida','07270203903','921080455','14/04/1975',38)
INSERT INTO PESSOAS ( NOME ,CPF,RG,DATA_NASCIMENTO,FK_ENDERECO) VALUES ('Alícia Carmo','37039814315','510577597','17/12/1937',21)
INSERT INTO PESSOAS ( NOME ,CPF,RG,DATA_NASCIMENTO,FK_ENDERECO) VALUES ('Ingrid Francischeto','67336650856','466752483','16/06/1958',25)
INSERT INTO PESSOAS ( NOME ,CPF,RG,DATA_NASCIMENTO,FK_ENDERECO) VALUES ('Daniel Amorim','74948577022','854664107','12/08/1975',36)
INSERT INTO PESSOAS ( NOME ,CPF,RG,DATA_NASCIMENTO,FK_ENDERECO) VALUES ('Patrícia Gomes','23054636771','253701408','21/07/1982',25)
INSERT INTO PESSOAS ( NOME ,CPF,RG,DATA_NASCIMENTO,FK_ENDERECO) VALUES ('Lara Paulo','40880252880','252546870','01/05/1972',30)
INSERT INTO PESSOAS ( NOME ,CPF,RG,DATA_NASCIMENTO,FK_ENDERECO) VALUES ('Lia Marini','26604615200','422075806','29/11/1995',5)
INSERT INTO PESSOAS ( NOME ,CPF,RG,DATA_NASCIMENTO,FK_ENDERECO) VALUES ('Marcelo Ferrão','78165850121','115803192','29/12/1958',4)
INSERT INTO PESSOAS ( NOME ,CPF,RG,DATA_NASCIMENTO,FK_ENDERECO) VALUES ('Isadora Tonoli','36575598250','874240980','24/08/1984',94)
INSERT INTO PESSOAS ( NOME ,CPF,RG,DATA_NASCIMENTO,FK_ENDERECO) VALUES ('Valentina Stradiotto','62606865448','676063932','03/10/1947',75)
INSERT INTO PESSOAS ( NOME ,CPF,RG,DATA_NASCIMENTO,FK_ENDERECO) VALUES ('João Carrer','59345407936','496645462','01/08/1937',20)
INSERT INTO PESSOAS ( NOME ,CPF,RG,DATA_NASCIMENTO,FK_ENDERECO) VALUES ('Raul Bianche','36617974840','034212665','01/10/2002',2)
INSERT INTO PESSOAS ( NOME ,CPF,RG,DATA_NASCIMENTO,FK_ENDERECO) VALUES ('Clarissa Binelle de Pietro','39569894490','439458901','06/01/1958',63)
INSERT INTO PESSOAS ( NOME ,CPF,RG,DATA_NASCIMENTO,FK_ENDERECO) VALUES ('Ana Moraes','96992418106','833214294','20/01/1958',3)
INSERT INTO PESSOAS ( NOME ,CPF,RG,DATA_NASCIMENTO,FK_ENDERECO) VALUES ('Lorenzo Delli','04771330964','557209506','27/11/1974',8)
INSERT INTO PESSOAS ( NOME ,CPF,RG,DATA_NASCIMENTO,FK_ENDERECO) VALUES ('Guilherme dos Santos','42917036192','490374904','17/03/1929',23)
INSERT INTO PESSOAS ( NOME ,CPF,RG,DATA_NASCIMENTO,FK_ENDERECO) VALUES ('Alice Trabach','33866518951','415404922','04/09/1971',49)
INSERT INTO PESSOAS ( NOME ,CPF,RG,DATA_NASCIMENTO,FK_ENDERECO) VALUES ('Murilo Bonfim','15310103180','237499926','26/05/1935',52)
INSERT INTO PESSOAS ( NOME ,CPF,RG,DATA_NASCIMENTO,FK_ENDERECO) VALUES ('Larissa Canceglieri','50304903299','099181416','28/07/1951',26)
INSERT INTO PESSOAS ( NOME ,CPF,RG,DATA_NASCIMENTO,FK_ENDERECO) VALUES ('Pablo Gava','01120500699','230303443','05/01/1985',25)
INSERT INTO PESSOAS ( NOME ,CPF,RG,DATA_NASCIMENTO,FK_ENDERECO) VALUES ('Larissa Castelione','98821245500','851416332','28/05/1954',38)
INSERT INTO PESSOAS ( NOME ,CPF,RG,DATA_NASCIMENTO,FK_ENDERECO) VALUES ('Heloísa Manfredo','33261203625','974659711','13/07/1943',20)
INSERT INTO PESSOAS ( NOME ,CPF,RG,DATA_NASCIMENTO,FK_ENDERECO) VALUES ('Larissa Pantaroto','43719728293','459095873','06/11/1944',85)
INSERT INTO PESSOAS ( NOME ,CPF,RG,DATA_NASCIMENTO,FK_ENDERECO) VALUES ('Sabrina Magro','56474272864','422874486','18/08/1966',81)
INSERT INTO PESSOAS ( NOME ,CPF,RG,DATA_NASCIMENTO,FK_ENDERECO) VALUES ('Ramom de Chaves','21523891319','460858154','17/01/1925',83)
INSERT INTO PESSOAS ( NOME ,CPF,RG,DATA_NASCIMENTO,FK_ENDERECO) VALUES ('Guilherme Prieto Garcia','00656262060','047404955','03/02/1968',83)
INSERT INTO CLIENTES (id_pessoa) VALUES ('57440737369')
INSERT INTO CLIENTES (id_pessoa) VALUES ('97062478660')
INSERT INTO CLIENTES (id_pessoa) VALUES ('34542158110')
INSERT INTO CLIENTES (id_pessoa) VALUES ('21263175368')
INSERT INTO CLIENTES (id_pessoa) VALUES ('41878942840')
INSERT INTO CLIENTES (id_pessoa) VALUES ('26072604854')
INSERT INTO CLIENTES (id_pessoa) VALUES ('83142081089')
INSERT INTO CLIENTES (id_pessoa) VALUES ('85971789902')
INSERT INTO CLIENTES (id_pessoa) VALUES ('75683804167')
INSERT INTO CLIENTES (id_pessoa) VALUES ('72148493647')
INSERT INTO CLIENTES (id_pessoa) VALUES ('02577342608')
INSERT INTO CLIENTES (id_pessoa) VALUES ('05724636930')
INSERT INTO CLIENTES (id_pessoa) VALUES ('05934662090')
INSERT INTO CLIENTES (id_pessoa) VALUES ('99322049863')
INSERT INTO CLIENTES (id_pessoa) VALUES ('46112588900')
INSERT INTO CLIENTES (id_pessoa) VALUES ('45679616173')
INSERT INTO CLIENTES (id_pessoa) VALUES ('08399385786')
INSERT INTO CLIENTES (id_pessoa) VALUES ('51846972760')
INSERT INTO CLIENTES (id_pessoa) VALUES ('43160435520')
INSERT INTO CLIENTES (id_pessoa) VALUES ('47400881345')
INSERT INTO CLIENTES (id_pessoa) VALUES ('21795961546')
INSERT INTO CLIENTES (id_pessoa) VALUES ('56242527227')
INSERT INTO CLIENTES (id_pessoa) VALUES ('59345407936')
INSERT INTO CLIENTES (id_pessoa) VALUES ('97665016707')
INSERT INTO CLIENTES (id_pessoa) VALUES ('84942538246')
INSERT INTO CLIENTES (id_pessoa) VALUES ('17792075141')
INSERT INTO CLIENTES (id_pessoa) VALUES ('01682009700')
INSERT INTO CLIENTES (id_pessoa) VALUES ('77414751007')
INSERT INTO CLIENTES (id_pessoa) VALUES ('32803096544')
INSERT INTO CLIENTES (id_pessoa) VALUES ('82103094042')
INSERT INTO CLIENTES (id_pessoa) VALUES ('51673655629')
INSERT INTO CLIENTES (id_pessoa) VALUES ('49948445180')
INSERT INTO CLIENTES (id_pessoa) VALUES ('89192795005')
INSERT INTO CLIENTES (id_pessoa) VALUES ('01120500699')
INSERT INTO CLIENTES (id_pessoa) VALUES ('99293596563')
INSERT INTO CLIENTES (id_pessoa) VALUES ('22719695149')
INSERT INTO CLIENTES (id_pessoa) VALUES ('59679576000')
INSERT INTO CLIENTES (id_pessoa) VALUES ('05425516401')
INSERT INTO CLIENTES (id_pessoa) VALUES ('17295937552')
INSERT INTO CLIENTES (id_pessoa) VALUES ('52132266204')
INSERT INTO CLIENTES (id_pessoa) VALUES ('73563524785')
INSERT INTO CLIENTES (id_pessoa) VALUES ('91989098436')
INSERT INTO CLIENTES (id_pessoa) VALUES ('80096790628')
INSERT INTO CLIENTES (id_pessoa) VALUES ('01365185834')
INSERT INTO CLIENTES (id_pessoa) VALUES ('30948054263')
INSERT INTO CLIENTES (id_pessoa) VALUES ('73467775497')
INSERT INTO CLIENTES (id_pessoa) VALUES ('83590775335')
INSERT INTO CLIENTES (id_pessoa) VALUES ('35844862899')
INSERT INTO CLIENTES (id_pessoa) VALUES ('04423140861')
INSERT INTO CLIENTES (id_pessoa) VALUES ('14402121477')
INSERT INTO CLIENTES (id_pessoa) VALUES ('96313591666')
INSERT INTO CLIENTES (id_pessoa) VALUES ('78702768470')
INSERT INTO CLIENTES (id_pessoa) VALUES ('19165054490')
INSERT INTO CLIENTES (id_pessoa) VALUES ('76645970056')
INSERT INTO CLIENTES (id_pessoa) VALUES ('14989681983')
INSERT INTO CLIENTES (id_pessoa) VALUES ('77179787418')
INSERT INTO CLIENTES (id_pessoa) VALUES ('86833394407')
INSERT INTO CLIENTES (id_pessoa) VALUES ('26342472815')
INSERT INTO CLIENTES (id_pessoa) VALUES ('18525207012')
INSERT INTO CLIENTES (id_pessoa) VALUES ('95805762706')
INSERT INTO CLIENTES (id_pessoa) VALUES ('23534890876')
INSERT INTO CLIENTES (id_pessoa) VALUES ('43719728293')
INSERT INTO CLIENTES (id_pessoa) VALUES ('23296135553')
INSERT INTO CLIENTES (id_pessoa) VALUES ('03733900502')
INSERT INTO CLIENTES (id_pessoa) VALUES ('57312759394')
INSERT INTO CLIENTES (id_pessoa) VALUES ('11210971542')
INSERT INTO CLIENTES (id_pessoa) VALUES ('16922813804')
INSERT INTO CLIENTES (id_pessoa) VALUES ('14818535974')
INSERT INTO CLIENTES (id_pessoa) VALUES ('60710646194')
INSERT INTO CLIENTES (id_pessoa) VALUES ('62928254854')
INSERT INTO CLIENTES (id_pessoa) VALUES ('89499037411')
INSERT INTO CLIENTES (id_pessoa) VALUES ('70002262185')
INSERT INTO CLIENTES (id_pessoa) VALUES ('10480171920')
INSERT INTO CLIENTES (id_pessoa) VALUES ('50993706673')
INSERT INTO CLIENTES (id_pessoa) VALUES ('33261203625')
INSERT INTO CLIENTES (id_pessoa) VALUES ('45215081115')
INSERT INTO CLIENTES (id_pessoa) VALUES ('81389790037')
INSERT INTO CLIENTES (id_pessoa) VALUES ('18932302286')
INSERT INTO CLIENTES (id_pessoa) VALUES ('18648149347')
INSERT INTO CLIENTES (id_pessoa) VALUES ('33326597827')
INSERT INTO CLIENTES (id_pessoa) VALUES ('24796822003')
INSERT INTO CLIENTES (id_pessoa) VALUES ('81621359956')
INSERT INTO CLIENTES (id_pessoa) VALUES ('30544432134')
INSERT INTO CLIENTES (id_pessoa) VALUES ('02086032714')
INSERT INTO CLIENTES (id_pessoa) VALUES ('19417193686')
INSERT INTO CLIENTES (id_pessoa) VALUES ('95723915509')
INSERT INTO CLIENTES (id_pessoa) VALUES ('44533622933')
INSERT INTO CLIENTES (id_pessoa) VALUES ('40305798502')
INSERT INTO CLIENTES (id_pessoa) VALUES ('04771330964')
INSERT INTO CLIENTES (id_pessoa) VALUES ('23992786587')
INSERT INTO CLIENTES (id_pessoa) VALUES ('57715990779')
INSERT INTO CLIENTES (id_pessoa) VALUES ('56194793317')
INSERT INTO CLIENTES (id_pessoa) VALUES ('65399017989')
INSERT INTO CLIENTES (id_pessoa) VALUES ('61469884640')
INSERT INTO CLIENTES (id_pessoa) VALUES ('52234664896')
INSERT INTO CLIENTES (id_pessoa) VALUES ('88745906955')
INSERT INTO CLIENTES (id_pessoa) VALUES ('47102684606')
INSERT INTO CLIENTES (id_pessoa) VALUES ('15110389691')
INSERT INTO CLIENTES (id_pessoa) VALUES ('33252193736')
INSERT INTO CLIENTES (id_pessoa) VALUES ('33866518951')
INSERT INTO CLIENTES (id_pessoa) VALUES ('14503487264')
INSERT INTO CLIENTES (id_pessoa) VALUES ('23809764574')
INSERT INTO CLIENTES (id_pessoa) VALUES ('13214649248')
INSERT INTO CLIENTES (id_pessoa) VALUES ('19945008323')
INSERT INTO CLIENTES (id_pessoa) VALUES ('17687652606')
INSERT INTO CLIENTES (id_pessoa) VALUES ('36575598250')
INSERT INTO CLIENTES (id_pessoa) VALUES ('11851364366')
INSERT INTO CLIENTES (id_pessoa) VALUES ('62395923150')
INSERT INTO CLIENTES (id_pessoa) VALUES ('77594898893')
INSERT INTO CLIENTES (id_pessoa) VALUES ('11931830819')
INSERT INTO CLIENTES (id_pessoa) VALUES ('40880252880')
INSERT INTO CLIENTES (id_pessoa) VALUES ('06402319422')
INSERT INTO CLIENTES (id_pessoa) VALUES ('37309822226')
INSERT INTO CLIENTES (id_pessoa) VALUES ('04046271108')
INSERT INTO CLIENTES (id_pessoa) VALUES ('15375339242')
INSERT INTO CLIENTES (id_pessoa) VALUES ('37774631160')
INSERT INTO CLIENTES (id_pessoa) VALUES ('79532218025')
INSERT INTO CLIENTES (id_pessoa) VALUES ('11678946931')
INSERT INTO CLIENTES (id_pessoa) VALUES ('96878280133')
INSERT INTO CLIENTES (id_pessoa) VALUES ('07028389774')
INSERT INTO CLIENTES (id_pessoa) VALUES ('29614582260')
INSERT INTO CLIENTES (id_pessoa) VALUES ('82759852857')
INSERT INTO CLIENTES (id_pessoa) VALUES ('07091270304')
INSERT INTO CLIENTES (id_pessoa) VALUES ('69103372804')
INSERT INTO CLIENTES (id_pessoa) VALUES ('84784107320')
INSERT INTO CLIENTES (id_pessoa) VALUES ('83843424667')
INSERT INTO CLIENTES (id_pessoa) VALUES ('28755277381')
INSERT INTO CLIENTES (id_pessoa) VALUES ('74948577022')
INSERT INTO CLIENTES (id_pessoa) VALUES ('42926105843')
INSERT INTO CLIENTES (id_pessoa) VALUES ('48967425678')
INSERT INTO CLIENTES (id_pessoa) VALUES ('29770927902')
INSERT INTO CLIENTES (id_pessoa) VALUES ('23054636771')
INSERT INTO CLIENTES (id_pessoa) VALUES ('08920948690')
INSERT INTO CLIENTES (id_pessoa) VALUES ('77923391904')
INSERT INTO CLIENTES (id_pessoa) VALUES ('57600318210')
INSERT INTO CLIENTES (id_pessoa) VALUES ('56828685954')
INSERT INTO CLIENTES (id_pessoa) VALUES ('23535715814')
INSERT INTO CLIENTES (id_pessoa) VALUES ('99212007988')
INSERT INTO CLIENTES (id_pessoa) VALUES ('26509872781')
INSERT INTO CLIENTES (id_pessoa) VALUES ('16850647016')
INSERT INTO CLIENTES (id_pessoa) VALUES ('35340336395')
INSERT INTO CLIENTES (id_pessoa) VALUES ('69411166334')
INSERT INTO CLIENTES (id_pessoa) VALUES ('33643160747')
INSERT INTO CLIENTES (id_pessoa) VALUES ('78030925000')
INSERT INTO CLIENTES (id_pessoa) VALUES ('27326468907')
INSERT INTO CLIENTES (id_pessoa) VALUES ('14476460968')
INSERT INTO CLIENTES (id_pessoa) VALUES ('84604486301')
INSERT INTO CLIENTES (id_pessoa) VALUES ('35175243012')
INSERT INTO CLIENTES (id_pessoa) VALUES ('63388374562')
INSERT INTO CLIENTES (id_pessoa) VALUES ('78165850121')
INSERT INTO CLIENTES (id_pessoa) VALUES ('71959111442')
INSERT INTO CLIENTES (id_pessoa) VALUES ('22487191830')
INSERT INTO CLIENTES (id_pessoa) VALUES ('73463620987')
INSERT INTO CLIENTES (id_pessoa) VALUES ('37039814315')
INSERT INTO CLIENTES (id_pessoa) VALUES ('42917036192')
INSERT INTO CLIENTES (id_pessoa) VALUES ('98821245500')
INSERT INTO CLIENTES (id_pessoa) VALUES ('80315334665')
INSERT INTO CLIENTES (id_pessoa) VALUES ('73265998150')
INSERT INTO CLIENTES (id_pessoa) VALUES ('67575508732')
INSERT INTO CLIENTES (id_pessoa) VALUES ('98303717600')
INSERT INTO CLIENTES (id_pessoa) VALUES ('40435612107')
INSERT INTO CLIENTES (id_pessoa) VALUES ('51991070624')
INSERT INTO CLIENTES (id_pessoa) VALUES ('22609410956')
INSERT INTO CLIENTES (id_pessoa) VALUES ('88138744561')
INSERT INTO CLIENTES (id_pessoa) VALUES ('25475947147')
INSERT INTO CLIENTES (id_pessoa) VALUES ('40927571153')
INSERT INTO CLIENTES (id_pessoa) VALUES ('18245335193')
INSERT INTO CLIENTES (id_pessoa) VALUES ('74913468987')
INSERT INTO CLIENTES (id_pessoa) VALUES ('74635005607')
INSERT INTO CLIENTES (id_pessoa) VALUES ('10876647131')
INSERT INTO CLIENTES (id_pessoa) VALUES ('93911156839')
INSERT INTO CLIENTES (id_pessoa) VALUES ('68134303005')
INSERT INTO CLIENTES (id_pessoa) VALUES ('14583919301')
INSERT INTO CLIENTES (id_pessoa) VALUES ('46004643700')
INSERT INTO CLIENTES (id_pessoa) VALUES ('78134966713')
INSERT INTO CLIENTES (id_pessoa) VALUES ('40033673756')
INSERT INTO CLIENTES (id_pessoa) VALUES ('05784531263')
INSERT INTO CLIENTES (id_pessoa) VALUES ('38389653885')
INSERT INTO CLIENTES (id_pessoa) VALUES ('75220352440')
INSERT INTO CLIENTES (id_pessoa) VALUES ('00220528950')
INSERT INTO CLIENTES (id_pessoa) VALUES ('07270203903')
INSERT INTO CLIENTES (id_pessoa) VALUES ('31389707881')
INSERT INTO CLIENTES (id_pessoa) VALUES ('24481232684')
INSERT INTO CLIENTES (id_pessoa) VALUES ('15105950151')
INSERT INTO CLIENTES (id_pessoa) VALUES ('32084227500')
INSERT INTO CLIENTES (id_pessoa) VALUES ('60340636122')
INSERT INTO CLIENTES (id_pessoa) VALUES ('69354476821')
INSERT INTO CLIENTES (id_pessoa) VALUES ('65769160861')
INSERT INTO CLIENTES (id_pessoa) VALUES ('42917781718')
INSERT INTO CLIENTES (id_pessoa) VALUES ('11873975805')
INSERT INTO CLIENTES (id_pessoa) VALUES ('00518186202')
INSERT INTO CLIENTES (id_pessoa) VALUES ('11803862564')
INSERT INTO CLIENTES (id_pessoa) VALUES ('63391058749')
INSERT INTO CLIENTES (id_pessoa) VALUES ('96587267122')
INSERT INTO CLIENTES (id_pessoa) VALUES ('97277997107')
INSERT INTO CLIENTES (id_pessoa) VALUES ('26604615200')
INSERT INTO CLIENTES (id_pessoa) VALUES ('38123514395')
INSERT INTO CLIENTES (id_pessoa) VALUES ('80218783710')
INSERT INTO CLIENTES (id_pessoa) VALUES ('02161090780')
INSERT INTO CLIENTES (id_pessoa) VALUES ('30439411955')
INSERT INTO FUNCIONARIOS (id_pessoa) VALUES ('50304903299')
INSERT INTO FUNCIONARIOS (id_pessoa) VALUES ('63018258614')
INSERT INTO FUNCIONARIOS (id_pessoa) VALUES ('25973804240')
INSERT INTO FUNCIONARIOS (id_pessoa) VALUES ('88662945864')
INSERT INTO FUNCIONARIOS (id_pessoa) VALUES ('00533944023')
INSERT INTO FUNCIONARIOS (id_pessoa) VALUES ('56474272864')
INSERT INTO FUNCIONARIOS (id_pessoa) VALUES ('36617974840')
INSERT INTO FUNCIONARIOS (id_pessoa) VALUES ('43488364852')
INSERT INTO FUNCIONARIOS (id_pessoa) VALUES ('96992418106')
INSERT INTO FUNCIONARIOS (id_pessoa) VALUES ('34620494453')
INSERT INTO FUNCIONARIOS (id_pessoa) VALUES ('17166396385')
INSERT INTO FUNCIONARIOS (id_pessoa) VALUES ('75737210138')
INSERT INTO FUNCIONARIOS (id_pessoa) VALUES ('82391977875')
INSERT INTO FUNCIONARIOS (id_pessoa) VALUES ('25146411280')
INSERT INTO FUNCIONARIOS (id_pessoa) VALUES ('60713452196')
INSERT INTO FUNCIONARIOS (id_pessoa) VALUES ('22010534999')
INSERT INTO FUNCIONARIOS (id_pessoa) VALUES ('15889008862')
INSERT INTO FUNCIONARIOS (id_pessoa) VALUES ('16606254086')
INSERT INTO FUNCIONARIOS (id_pessoa) VALUES ('97848064107')
INSERT INTO FUNCIONARIOS (id_pessoa) VALUES ('00598980890')
INSERT INTO FUNCIONARIOS (id_pessoa) VALUES ('91341611205')
INSERT INTO FUNCIONARIOS (id_pessoa) VALUES ('64893726307')
INSERT INTO FUNCIONARIOS (id_pessoa) VALUES ('21347350667')
INSERT INTO FUNCIONARIOS (id_pessoa) VALUES ('50814460097')
INSERT INTO FUNCIONARIOS (id_pessoa) VALUES ('37348218601')
INSERT INTO FUNCIONARIOS (id_pessoa) VALUES ('17173054400')
INSERT INTO FUNCIONARIOS (id_pessoa) VALUES ('64297550024')
INSERT INTO FUNCIONARIOS (id_pessoa) VALUES ('00173926835')
INSERT INTO FUNCIONARIOS (id_pessoa) VALUES ('39569894490')
INSERT INTO FUNCIONARIOS (id_pessoa) VALUES ('51885714718')
INSERT INTO TELEFONES (ID_PESSOA, TELEFONE) VALUES ('77782871026', '84906547103')
INSERT INTO TELEFONES (ID_PESSOA, TELEFONE) VALUES ('30831534494', '79999872105')
INSERT INTO TELEFONES (ID_PESSOA, TELEFONE) VALUES ('93717377604', '18905346141')
INSERT INTO TELEFONES (ID_PESSOA, TELEFONE) VALUES ('23690334608', '21970668095')
INSERT INTO TELEFONES (ID_PESSOA, TELEFONE) VALUES ('20762435690', '92931050759')
INSERT INTO TELEFONES (ID_PESSOA, TELEFONE) VALUES ('64592683390', '43905248436')
INSERT INTO TELEFONES (ID_PESSOA, TELEFONE) VALUES ('67336650856', '70962840360')
INSERT INTO TELEFONES (ID_PESSOA, TELEFONE) VALUES ('66401301228', '19980351688')
INSERT INTO TELEFONES (ID_PESSOA, TELEFONE) VALUES ('90332875369', '61987503044')
INSERT INTO TELEFONES (ID_PESSOA, TELEFONE) VALUES ('23563059470', '99966897296')
INSERT INTO TELEFONES (ID_PESSOA, TELEFONE) VALUES ('37311936551', '44999249453')
INSERT INTO TELEFONES (ID_PESSOA, TELEFONE) VALUES ('19182309191', '98930072606')
INSERT INTO TELEFONES (ID_PESSOA, TELEFONE) VALUES ('69623209738', '23988447869')
INSERT INTO TELEFONES (ID_PESSOA, TELEFONE) VALUES ('67430724272', '19950557233')
INSERT INTO TELEFONES (ID_PESSOA, TELEFONE) VALUES ('64592683390', '28998826983')
INSERT INTO TELEFONES (ID_PESSOA, TELEFONE) VALUES ('20762435690', '31964860272')
INSERT INTO TELEFONES (ID_PESSOA, TELEFONE) VALUES ('77782871026', '90963143050')
INSERT INTO TELEFONES (ID_PESSOA, TELEFONE) VALUES ('22824826703', '32938246830')
INSERT INTO TELEFONES (ID_PESSOA, TELEFONE) VALUES ('51258245345', '19900842867')
INSERT INTO TELEFONES (ID_PESSOA, TELEFONE) VALUES ('24366776464', '60915979267')
INSERT INTO TELEFONES (ID_PESSOA, TELEFONE) VALUES ('00656262060', '13981442524')
INSERT INTO TELEFONES (ID_PESSOA, TELEFONE) VALUES ('78748135020', '56986797266')
INSERT INTO TELEFONES (ID_PESSOA, TELEFONE) VALUES ('63213415766', '36937181200')
INSERT INTO TELEFONES (ID_PESSOA, TELEFONE) VALUES ('76800651796', '18914456122')
INSERT INTO TELEFONES (ID_PESSOA, TELEFONE) VALUES ('22824826703', '45955621787')
INSERT INTO TELEFONES (ID_PESSOA, TELEFONE) VALUES ('85292159310', '23970671654')
INSERT INTO TELEFONES (ID_PESSOA, TELEFONE) VALUES ('48927634039', '18982037505')
INSERT INTO TELEFONES (ID_PESSOA, TELEFONE) VALUES ('32054270920', '43953959841')
INSERT INTO TELEFONES (ID_PESSOA, TELEFONE) VALUES ('19182309191', '10968363588')
INSERT INTO TELEFONES (ID_PESSOA, TELEFONE) VALUES ('27236106674', '95916835505')
INSERT INTO TELEFONES (ID_PESSOA, TELEFONE) VALUES ('33161243064', '99942006730')
INSERT INTO TELEFONES (ID_PESSOA, TELEFONE) VALUES ('78446452960', '48913942003')
INSERT INTO TELEFONES (ID_PESSOA, TELEFONE) VALUES ('19182309191', '71940055545')
INSERT INTO TELEFONES (ID_PESSOA, TELEFONE) VALUES ('29001854168', '10923970621')
INSERT INTO TELEFONES (ID_PESSOA, TELEFONE) VALUES ('86092027712', '13937423738')
INSERT INTO TELEFONES (ID_PESSOA, TELEFONE) VALUES ('27236106674', '26925285109')
INSERT INTO TELEFONES (ID_PESSOA, TELEFONE) VALUES ('22238609156', '63922337639')
INSERT INTO TELEFONES (ID_PESSOA, TELEFONE) VALUES ('80418989044', '93922597662')
INSERT INTO TELEFONES (ID_PESSOA, TELEFONE) VALUES ('29001854168', '81905866952')
INSERT INTO TELEFONES (ID_PESSOA, TELEFONE) VALUES ('51258245345', '27989071005')
INSERT INTO TELEFONES (ID_PESSOA, TELEFONE) VALUES ('59307672466', '57901958039')
INSERT INTO TELEFONES (ID_PESSOA, TELEFONE) VALUES ('90329551019', '17968314073')
INSERT INTO TELEFONES (ID_PESSOA, TELEFONE) VALUES ('77822545159', '95937068252')
INSERT INTO TELEFONES (ID_PESSOA, TELEFONE) VALUES ('33161243064', '47947553941')
INSERT INTO TELEFONES (ID_PESSOA, TELEFONE) VALUES ('64414754488', '14923651260')
INSERT INTO TELEFONES (ID_PESSOA, TELEFONE) VALUES ('15310103180', '20945939752')
INSERT INTO TELEFONES (ID_PESSOA, TELEFONE) VALUES ('10448572508', '65998342075')
INSERT INTO TELEFONES (ID_PESSOA, TELEFONE) VALUES ('80418989044', '69995189127')
INSERT INTO TELEFONES (ID_PESSOA, TELEFONE) VALUES ('93952606456', '57985273295')
INSERT INTO TELEFONES (ID_PESSOA, TELEFONE) VALUES ('93952606456', '28935877831')
INSERT INTO TELEFONES (ID_PESSOA, TELEFONE) VALUES ('68358397402', '91976850980')
INSERT INTO TELEFONES (ID_PESSOA, TELEFONE) VALUES ('82418653765', '15973078271')
INSERT INTO TELEFONES (ID_PESSOA, TELEFONE) VALUES ('29001854168', '15918047352')
INSERT INTO TELEFONES (ID_PESSOA, TELEFONE) VALUES ('59307672466', '12979444286')
INSERT INTO TELEFONES (ID_PESSOA, TELEFONE) VALUES ('27236106674', '63937421427')
INSERT INTO TELEFONES (ID_PESSOA, TELEFONE) VALUES ('22824826703', '79942626830')
INSERT INTO TELEFONES (ID_PESSOA, TELEFONE) VALUES ('57507263126', '38942848948')
INSERT INTO TELEFONES (ID_PESSOA, TELEFONE) VALUES ('32054270920', '43908724054')
INSERT INTO TELEFONES (ID_PESSOA, TELEFONE) VALUES ('64592683390', '44900855387')
INSERT INTO TELEFONES (ID_PESSOA, TELEFONE) VALUES ('86092027712', '47960063230')
INSERT INTO TELEFONES (ID_PESSOA, TELEFONE) VALUES ('33161243064', '27922033251')
INSERT INTO TELEFONES (ID_PESSOA, TELEFONE) VALUES ('68637796419', '17978233310')
INSERT INTO TELEFONES (ID_PESSOA, TELEFONE) VALUES ('90332875369', '61918390641')
INSERT INTO TELEFONES (ID_PESSOA, TELEFONE) VALUES ('85292159310', '67924212003')
INSERT INTO TELEFONES (ID_PESSOA, TELEFONE) VALUES ('30831534494', '10984642670')
INSERT INTO TELEFONES (ID_PESSOA, TELEFONE) VALUES ('77782871026', '14904998454')
INSERT INTO TELEFONES (ID_PESSOA, TELEFONE) VALUES ('78446452960', '51986390509')
INSERT INTO TELEFONES (ID_PESSOA, TELEFONE) VALUES ('21523891319', '19939166827')
INSERT INTO TELEFONES (ID_PESSOA, TELEFONE) VALUES ('37311936551', '80988503717')
INSERT INTO TELEFONES (ID_PESSOA, TELEFONE) VALUES ('64592683390', '59919674440')
INSERT INTO TELEFONES (ID_PESSOA, TELEFONE) VALUES ('23563059470', '80966124230')
INSERT INTO TELEFONES (ID_PESSOA, TELEFONE) VALUES ('68358397402', '17991756403')
INSERT INTO TELEFONES (ID_PESSOA, TELEFONE) VALUES ('22238609156', '17910015673')
INSERT INTO TELEFONES (ID_PESSOA, TELEFONE) VALUES ('67336650856', '82957458594')
INSERT INTO TELEFONES (ID_PESSOA, TELEFONE) VALUES ('23563059470', '16999483623')
INSERT INTO TELEFONES (ID_PESSOA, TELEFONE) VALUES ('69623209738', '33972505189')
INSERT INTO TELEFONES (ID_PESSOA, TELEFONE) VALUES ('66401301228', '68987777630')
INSERT INTO TELEFONES (ID_PESSOA, TELEFONE) VALUES ('93952606456', '60905034164')
INSERT INTO TELEFONES (ID_PESSOA, TELEFONE) VALUES ('68637796419', '78948225632')
INSERT INTO TELEFONES (ID_PESSOA, TELEFONE) VALUES ('33161243064', '81977177841')
INSERT INTO TELEFONES (ID_PESSOA, TELEFONE) VALUES ('77782871026', '18943880341')
INSERT INTO TELEFONES (ID_PESSOA, TELEFONE) VALUES ('18059542885', '78939467384')
INSERT INTO TELEFONES (ID_PESSOA, TELEFONE) VALUES ('93717377604', '57964033408')
INSERT INTO TELEFONES (ID_PESSOA, TELEFONE) VALUES ('27236106674', '81963119038')
INSERT INTO TELEFONES (ID_PESSOA, TELEFONE) VALUES ('85292159310', '48940544692')
INSERT INTO TELEFONES (ID_PESSOA, TELEFONE) VALUES ('03121561030', '88904936458')
INSERT INTO TELEFONES (ID_PESSOA, TELEFONE) VALUES ('32054270920', '12921180405')
INSERT INTO TELEFONES (ID_PESSOA, TELEFONE) VALUES ('77822545159', '47945029224')
INSERT INTO TELEFONES (ID_PESSOA, TELEFONE) VALUES ('76081553108', '17938698683')
INSERT INTO TELEFONES (ID_PESSOA, TELEFONE) VALUES ('20762435690', '13917511409')
INSERT INTO TELEFONES (ID_PESSOA, TELEFONE) VALUES ('10448572508', '14925161190')
INSERT INTO TELEFONES (ID_PESSOA, TELEFONE) VALUES ('29001854168', '33999115274')
INSERT INTO TELEFONES (ID_PESSOA, TELEFONE) VALUES ('78748135020', '47944204383')
INSERT INTO TELEFONES (ID_PESSOA, TELEFONE) VALUES ('62606865448', '29901253250')
INSERT INTO TELEFONES (ID_PESSOA, TELEFONE) VALUES ('96666289455', '32944760179')
INSERT INTO TELEFONES (ID_PESSOA, TELEFONE) VALUES ('82418653765', '17965881680')
INSERT INTO TELEFONES (ID_PESSOA, TELEFONE) VALUES ('22238609156', '98973153420')
INSERT INTO TELEFONES (ID_PESSOA, TELEFONE) VALUES ('59307672466', '91917758395')
INSERT INTO TELEFONES (ID_PESSOA, TELEFONE) VALUES ('30831534494', '26920782165')
INSERT INTO TELEFONES (ID_PESSOA, TELEFONE) VALUES ('69623209738', '21928416546')
INSERT INTO VEICULOS (RENAVAM,CHASSI,MARCA,MODELO,ANO_MODELO, ANO_FABRICACAO, ID_CLIENTE) VALUES ('45151428710','161445131515108796','Asia Motors','545iA 4.4 32V V8 333cv','29/11/2018','01/09/2019','66')
INSERT INTO VEICULOS (RENAVAM,CHASSI,MARCA,MODELO,ANO_MODELO, ANO_FABRICACAO, ID_CLIENTE) VALUES ('98511584230','161213149143315516','Fiat','Ranger XLS 2.8 8V 135cv 4x4 CS TB Diesel','27/08/2019','28/05/2021','59')
INSERT INTO VEICULOS (RENAVAM,CHASSI,MARCA,MODELO,ANO_MODELO, ANO_FABRICACAO, ID_CLIENTE) VALUES ('86839841643','314312312135812157','Peugeot','Panamera Edition 3.6 v6 310cv','20/08/2020','14/02/2022','23')
INSERT INTO VEICULOS (RENAVAM,CHASSI,MARCA,MODELO,ANO_MODELO, ANO_FABRICACAO, ID_CLIENTE) VALUES ('48672773338','161251031588165112','Nissan','MOBI Easy on 1.0 Fire Flex 5p.','30/11/2021','18/03/2022','25')
INSERT INTO VEICULOS (RENAVAM,CHASSI,MARCA,MODELO,ANO_MODELO, ANO_FABRICACAO, ID_CLIENTE) VALUES ('56364344653','0042212992316121413','Subaru','Master 2.3 dCi VIP 16L Longo Diesel','06/12/2018','23/07/2019','53')
INSERT INTO VEICULOS (RENAVAM,CHASSI,MARCA,MODELO,ANO_MODELO, ANO_FABRICACAO, ID_CLIENTE) VALUES ('72169712527','116012961381312714','VW - VolksWagen','Strada Adv.1.8 16V LOCKER Dualo. Flex CD','19/08/2019','23/05/2020','29')
INSERT INTO VEICULOS (RENAVAM,CHASSI,MARCA,MODELO,ANO_MODELO, ANO_FABRICACAO, ID_CLIENTE) VALUES ('56961814110','4151415412131546612','Hyundai','Astra Sed.Elite 2.0 MPFI FlexPower 8V 4p','01/08/2019','04/07/2021','57')
INSERT INTO VEICULOS (RENAVAM,CHASSI,MARCA,MODELO,ANO_MODELO, ANO_FABRICACAO, ID_CLIENTE) VALUES ('28174379507','3141691172113616011','VW - VolksWagen','A4 2.0 16V TFSI 183/180cv Multitronic','11/10/2017','03/10/2018','8')
INSERT INTO VEICULOS (RENAVAM,CHASSI,MARCA,MODELO,ANO_MODELO, ANO_FABRICACAO, ID_CLIENTE) VALUES ('96369119611','151111249771316143','Land Rover','307 Passion 1.6 16V 110cv 5p','21/01/2019','08/05/2021','67')
INSERT INTO VEICULOS (RENAVAM,CHASSI,MARCA,MODELO,ANO_MODELO, ANO_FABRICACAO, ID_CLIENTE) VALUES ('83517094240','485133033394261543','VW - VolksWagen','Parati 1.6 Mi Plus Total Flex  8V 4p','11/10/2018','02/01/2020','22')
INSERT INTO VEICULOS (RENAVAM,CHASSI,MARCA,MODELO,ANO_MODELO, ANO_FABRICACAO, ID_CLIENTE) VALUES ('73619631640','5668546120513151013','GM - Chevrolet','C-200 Touring Komp. Avant. 1.8 16V Aut.','05/09/2021','26/01/2022','2')
INSERT INTO VEICULOS (RENAVAM,CHASSI,MARCA,MODELO,ANO_MODELO, ANO_FABRICACAO, ID_CLIENTE) VALUES ('92338464067','143215512613225151','ASTON MARTIN','Megane Sedan Expression Hi-Flex 1.6 16V','23/04/2021','07/08/2021','41')
INSERT INTO VEICULOS (RENAVAM,CHASSI,MARCA,MODELO,ANO_MODELO, ANO_FABRICACAO, ID_CLIENTE) VALUES ('38052604672','992610121511111213','Ford','HB20S Copa do Mundo 1.6 Flex 16V Aut.','25/04/2020','25/03/2022','5')
INSERT INTO VEICULOS (RENAVAM,CHASSI,MARCA,MODELO,ANO_MODELO, ANO_FABRICACAO, ID_CLIENTE) VALUES ('48788423614','3010715901111870210','Audi','SANDERO Expres. P.Avant. Hi.P. 1.6 8V 5p','28/10/2018','10/03/2019','7')
INSERT INTO VEICULOS (RENAVAM,CHASSI,MARCA,MODELO,ANO_MODELO, ANO_FABRICACAO, ID_CLIENTE) VALUES ('26342164896','111811213141428132','Mazda','Vectra GL 2.2 MPFI Milenium','18/06/2019','17/11/2020','13')
INSERT INTO VEICULOS (RENAVAM,CHASSI,MARCA,MODELO,ANO_MODELO, ANO_FABRICACAO, ID_CLIENTE) VALUES ('62349808149','811112151212715059','Fiat','Golf 2.0/ 2.0 Mi Flex Aut/Tiptronic.','28/02/2020','27/07/2020','36')
INSERT INTO VEICULOS (RENAVAM,CHASSI,MARCA,MODELO,ANO_MODELO, ANO_FABRICACAO, ID_CLIENTE) VALUES ('03574718970','161341222644914156','Fiat','Pampa S 1.8','05/04/2021','22/04/2021','15')
INSERT INTO VEICULOS (RENAVAM,CHASSI,MARCA,MODELO,ANO_MODELO, ANO_FABRICACAO, ID_CLIENTE) VALUES ('05232401619','1614151249913491611','Fiat','S-Type R 4.2 V8 32V 400cv','31/12/2020','14/09/2021','32')
INSERT INTO VEICULOS (RENAVAM,CHASSI,MARCA,MODELO,ANO_MODELO, ANO_FABRICACAO, ID_CLIENTE) VALUES ('78684066232','156139149111184129','Nissan','Vantage Roadster 4.7 V8 420cv','22/06/2017','26/07/2021','13')
INSERT INTO VEICULOS (RENAVAM,CHASSI,MARCA,MODELO,ANO_MODELO, ANO_FABRICACAO, ID_CLIENTE) VALUES ('52683436733','313115921101211112','Fiat','Fusion Titanium HYBRID 2.0 145cv Aut.','21/02/2019','28/05/2020','42')
INSERT INTO VEICULOS (RENAVAM,CHASSI,MARCA,MODELO,ANO_MODELO, ANO_FABRICACAO, ID_CLIENTE) VALUES ('44729802292','107416816121411158','BMW','M-100 1.0 8v 5p','07/11/2021','11/01/2022','55')
INSERT INTO VEICULOS (RENAVAM,CHASSI,MARCA,MODELO,ANO_MODELO, ANO_FABRICACAO, ID_CLIENTE) VALUES ('85919257890','119358141314413115','VW - VolksWagen','Towner Luxo','21/01/2018','01/09/2019','52')
INSERT INTO VEICULOS (RENAVAM,CHASSI,MARCA,MODELO,ANO_MODELO, ANO_FABRICACAO, ID_CLIENTE) VALUES ('96559396344','3102141161561110610','BMW','Escort S.W GL 1.8i 16V','11/09/2020','12/12/2020','66')
INSERT INTO VEICULOS (RENAVAM,CHASSI,MARCA,MODELO,ANO_MODELO, ANO_FABRICACAO, ID_CLIENTE) VALUES ('99704355032','104115744001269151','Fiat','C-300 Sport 3.0 V6 231cv Aut.','29/06/2021','07/08/2021','4')
INSERT INTO VEICULOS (RENAVAM,CHASSI,MARCA,MODELO,ANO_MODELO, ANO_FABRICACAO, ID_CLIENTE) VALUES ('55289418943','714133415136111292','Fiat','SpaceCross 1.6 Mi Total Flex 8V','22/09/2017','22/12/2017','47')
INSERT INTO VEICULOS (RENAVAM,CHASSI,MARCA,MODELO,ANO_MODELO, ANO_FABRICACAO, ID_CLIENTE) VALUES ('05868909068','189010580361110764','BMW','Hilux SW4 SR 4x2 2.7/ 2.7 Flex 16V Aut.','03/07/2017','16/09/2020','48')
INSERT INTO VEICULOS (RENAVAM,CHASSI,MARCA,MODELO,ANO_MODELO, ANO_FABRICACAO, ID_CLIENTE) VALUES ('03216637048','771283141407131526','Ford','ONE 1.6  Mec.','21/04/2018','22/05/2018','24')
INSERT INTO VEICULOS (RENAVAM,CHASSI,MARCA,MODELO,ANO_MODELO, ANO_FABRICACAO, ID_CLIENTE) VALUES ('14775503424','6109841128141615010','Renault','Renegade Longitude 2.0 4x4 TB Diesel Aut','09/12/2018','12/12/2021','30')
INSERT INTO VEICULOS (RENAVAM,CHASSI,MARCA,MODELO,ANO_MODELO, ANO_FABRICACAO, ID_CLIENTE) VALUES ('29343999404','512119916501316163','Honda','Passat R-Line TB 2.0 TSI Tiptronic 4p','23/06/2020','20/01/2021','36')
INSERT INTO VEICULOS (RENAVAM,CHASSI,MARCA,MODELO,ANO_MODELO, ANO_FABRICACAO, ID_CLIENTE) VALUES ('76998331403','161310785212111214','Ford','PRISMA Sed. ADVANT. 1.0 8V FlexPower 4p','20/04/2020','07/09/2020','3')
INSERT INTO VEICULOS (RENAVAM,CHASSI,MARCA,MODELO,ANO_MODELO, ANO_FABRICACAO, ID_CLIENTE) VALUES ('46330665063','581012115741373414','Peugeot','Lancer LS 1.8','22/06/2017','03/02/2020','65')
INSERT INTO VEICULOS (RENAVAM,CHASSI,MARCA,MODELO,ANO_MODELO, ANO_FABRICACAO, ID_CLIENTE) VALUES ('38452670072','1211141014711041113','BMW','Siena ELX 1.5 mpi 4p','28/08/2020','27/03/2022','65')
INSERT INTO VEICULOS (RENAVAM,CHASSI,MARCA,MODELO,ANO_MODELO, ANO_FABRICACAO, ID_CLIENTE) VALUES ('98824998436','1068151015159901112','Mercedes-Benz','GLA 250 Sport 2.0 TB 16V 211cv Aut.','08/11/2019','25/02/2020','57')
INSERT INTO VEICULOS (RENAVAM,CHASSI,MARCA,MODELO,ANO_MODELO, ANO_FABRICACAO, ID_CLIENTE) VALUES ('90448547905','191013515116140413','Fiat','525i/iA','08/03/2019','08/10/2019','60')
INSERT INTO VEICULOS (RENAVAM,CHASSI,MARCA,MODELO,ANO_MODELO, ANO_FABRICACAO, ID_CLIENTE) VALUES ('11850862132','550114109101421610','LIFAN','A6 2.4 Avant V6 30V Quattro Tiptronic','11/04/2021','06/09/2021','38')
INSERT INTO VEICULOS (RENAVAM,CHASSI,MARCA,MODELO,ANO_MODELO, ANO_FABRICACAO, ID_CLIENTE) VALUES ('75989108388','412012131668134103','smart','DUSTER OUTDOOR 1.6 Hi-Flex 16V Mec.','07/12/2019','24/12/2020','36')
INSERT INTO VEICULOS (RENAVAM,CHASSI,MARCA,MODELO,ANO_MODELO, ANO_FABRICACAO, ID_CLIENTE) VALUES ('67659422541','1111114615111451011','Audi','TOUAREG R-Line 4.2 V8 360cv Tiptronic 5p','16/01/2019','23/06/2021','48')
INSERT INTO VEICULOS (RENAVAM,CHASSI,MARCA,MODELO,ANO_MODELO, ANO_FABRICACAO, ID_CLIENTE) VALUES ('98637009362','1091310122746139716','Mitsubishi','CITY Sedan DX 1.5 Flex 16V Aut.','21/06/2017','14/03/2019','11')
INSERT INTO VEICULOS (RENAVAM,CHASSI,MARCA,MODELO,ANO_MODELO, ANO_FABRICACAO, ID_CLIENTE) VALUES ('57017980737','510241014111114114','VW - VolksWagen','Fiesta GL 1.0 5p','22/06/2021','06/07/2021','28')
INSERT INTO VEICULOS (RENAVAM,CHASSI,MARCA,MODELO,ANO_MODELO, ANO_FABRICACAO, ID_CLIENTE) VALUES ('40486833015','6414161009456145311','BMW','PRISMA Sed. ADVANT. 1.0 8V FlexPower 4p','23/06/2021','09/09/2021','32')
INSERT INTO VEICULOS (RENAVAM,CHASSI,MARCA,MODELO,ANO_MODELO, ANO_FABRICACAO, ID_CLIENTE) VALUES ('12227626353','5571413436961553916','Fiat','GranTurismo MC Stradale 4.7 V8 32V 450cv','18/01/2020','12/09/2020','53')
INSERT INTO VEICULOS (RENAVAM,CHASSI,MARCA,MODELO,ANO_MODELO, ANO_FABRICACAO, ID_CLIENTE) VALUES ('25436632800','1621215166342037116','VW - VolksWagen','CADENZA EX 3.5 V6 24V 290cv Aut.','16/05/2020','18/02/2022','25')
INSERT INTO VEICULOS (RENAVAM,CHASSI,MARCA,MODELO,ANO_MODELO, ANO_FABRICACAO, ID_CLIENTE) VALUES ('42897179496','156781391412101613','Nissan','330Ci Cabriolet','06/11/2020','24/02/2021','61')
INSERT INTO VEICULOS (RENAVAM,CHASSI,MARCA,MODELO,ANO_MODELO, ANO_FABRICACAO, ID_CLIENTE) VALUES ('96625321432','1511121610571513312','Toyota','Renegade Sport 2.0 4x4 TB Diesel Aut.','15/07/2017','19/10/2019','30')
INSERT INTO VEICULOS (RENAVAM,CHASSI,MARCA,MODELO,ANO_MODELO, ANO_FABRICACAO, ID_CLIENTE) VALUES ('03361053777','014714109613101410','Ford','Master 2.5 dCi 16V 115cv 13L Diesel','27/08/2017','28/02/2020','27')
INSERT INTO VEICULOS (RENAVAM,CHASSI,MARCA,MODELO,ANO_MODELO, ANO_FABRICACAO, ID_CLIENTE) VALUES ('04340928314','1311911141317923814','Subaru','626 SW High','20/07/2019','02/05/2020','44')
INSERT INTO VEICULOS (RENAVAM,CHASSI,MARCA,MODELO,ANO_MODELO, ANO_FABRICACAO, ID_CLIENTE) VALUES ('11576672290','152734151413641113','GM - Chevrolet','911 Carrera Cabriolet 3.4/ 3.6 Mec','18/01/2021','19/07/2021','35')
INSERT INTO VEICULOS (RENAVAM,CHASSI,MARCA,MODELO,ANO_MODELO, ANO_FABRICACAO, ID_CLIENTE) VALUES ('25468233367','109511111151641063','Renault','CAPTIVA SPORT FWD 3.6 V6 24V 261cv 4x2','22/08/2017','20/09/2018','21')
INSERT INTO VEICULOS (RENAVAM,CHASSI,MARCA,MODELO,ANO_MODELO, ANO_FABRICACAO, ID_CLIENTE) VALUES ('00142175736','0120364141671194314','VW - VolksWagen','A4 2.4 Avant V6 30V Quattro Mec','07/08/2021','23/01/2022','7')
INSERT INTO VEICULOS (RENAVAM,CHASSI,MARCA,MODELO,ANO_MODELO, ANO_FABRICACAO, ID_CLIENTE) VALUES ('55622292053','108111091312811612','VW - VolksWagen','ONIX HATCH SELEÇÃO 1.0 8V Flex 5p Mec.','19/04/2018','04/10/2021','60')
INSERT INTO VEICULOS (RENAVAM,CHASSI,MARCA,MODELO,ANO_MODELO, ANO_FABRICACAO, ID_CLIENTE) VALUES ('73164210904','117091363401115278','Fiat','Gol Trendline 1.0 T.Flex 8V 5p','22/09/2017','21/03/2019','59')
INSERT INTO VEICULOS (RENAVAM,CHASSI,MARCA,MODELO,ANO_MODELO, ANO_FABRICACAO, ID_CLIENTE) VALUES ('47935156306','161111105121583761','GM - Chevrolet','626 Sedan High','10/04/2017','12/02/2022','34')
INSERT INTO VEICULOS (RENAVAM,CHASSI,MARCA,MODELO,ANO_MODELO, ANO_FABRICACAO, ID_CLIENTE) VALUES ('32205692922','112067130161316110','Daewoo','Ranger XLS 3.2 20V 4x4 CD Diesel Mec.','15/11/2017','24/02/2018','36')
INSERT INTO VEICULOS (RENAVAM,CHASSI,MARCA,MODELO,ANO_MODELO, ANO_FABRICACAO, ID_CLIENTE) VALUES ('28639126811','3122710914116421413','Renault','Cherokee Sport  4.0 Mec./Aut.','21/10/2021','16/01/2022','62')
INSERT INTO VEICULOS (RENAVAM,CHASSI,MARCA,MODELO,ANO_MODELO, ANO_FABRICACAO, ID_CLIENTE) VALUES ('17759429059','147121302011310414','VW - VolksWagen','VERSA S 1.6 16V FlexStart 4p Mec.','16/12/2018','18/08/2020','12')
INSERT INTO VEICULOS (RENAVAM,CHASSI,MARCA,MODELO,ANO_MODELO, ANO_FABRICACAO, ID_CLIENTE) VALUES ('40533181101','7411111084115497715','Land Rover','328i Touring/Sport','18/05/2021','19/05/2021','22')
INSERT INTO VEICULOS (RENAVAM,CHASSI,MARCA,MODELO,ANO_MODELO, ANO_FABRICACAO, ID_CLIENTE) VALUES ('20144567580','4841433989510540014','GM - Chevrolet','E-500 Avangarde Executive 5.5 V8 388cv','19/01/2021','21/03/2022','65')
INSERT INTO VEICULOS (RENAVAM,CHASSI,MARCA,MODELO,ANO_MODELO, ANO_FABRICACAO, ID_CLIENTE) VALUES ('81840880166','1261454261541137012','Volvo','M3 Sedan 4.0 32V','09/10/2019','12/01/2020','7')
INSERT INTO VEICULOS (RENAVAM,CHASSI,MARCA,MODELO,ANO_MODELO, ANO_FABRICACAO, ID_CLIENTE) VALUES ('20156149449','1521491315165335912','Hyundai','Dakota Sport 3.9 V6 CD Mec.','18/05/2018','16/08/2020','43')
INSERT INTO VEICULOS (RENAVAM,CHASSI,MARCA,MODELO,ANO_MODELO, ANO_FABRICACAO, ID_CLIENTE) VALUES ('11116685975','9768124151139151116','GM - Chevrolet','fortwo passion coupé 1.0 62kw','29/06/2018','13/08/2020','4')
INSERT INTO VEICULOS (RENAVAM,CHASSI,MARCA,MODELO,ANO_MODELO, ANO_FABRICACAO, ID_CLIENTE) VALUES ('25273883236','124121117059148862','Volvo','S10 Pick-Up Luxe 2.2 MPFI / EFI','26/06/2017','02/08/2021','69')
INSERT INTO VEICULOS (RENAVAM,CHASSI,MARCA,MODELO,ANO_MODELO, ANO_FABRICACAO, ID_CLIENTE) VALUES ('13325780552','991168016111411614','Audi','SANDERO Dyna. EasyR Hi-Flex 1.6 8V','10/11/2017','20/09/2019','7')
INSERT INTO VEICULOS (RENAVAM,CHASSI,MARCA,MODELO,ANO_MODELO, ANO_FABRICACAO, ID_CLIENTE) VALUES ('43928934778','2459655291413111110','VW - VolksWagen','Impreza SW GT 2.0 16v 4x4 Turbo Mec.','02/04/2021','16/02/2022','8')
INSERT INTO VEICULOS (RENAVAM,CHASSI,MARCA,MODELO,ANO_MODELO, ANO_FABRICACAO, ID_CLIENTE) VALUES ('25244650929','212221103133521612','GM - Chevrolet','Elantra GLS 2.0 16V Flex Aut.','01/10/2020','22/10/2020','16')
INSERT INTO VEICULOS (RENAVAM,CHASSI,MARCA,MODELO,ANO_MODELO, ANO_FABRICACAO, ID_CLIENTE) VALUES ('88342072755','1471026136154716313','GM - Chevrolet','Palio Young 1.0 mpi Fire 8V 4p','06/02/2018','02/07/2018','34')
INSERT INTO VEICULOS (RENAVAM,CHASSI,MARCA,MODELO,ANO_MODELO, ANO_FABRICACAO, ID_CLIENTE) VALUES ('62623289047','110908134129028166','Fibravan','Mini Cooper 1.3','20/09/2020','03/11/2020','14')
INSERT INTO VEICULOS (RENAVAM,CHASSI,MARCA,MODELO,ANO_MODELO, ANO_FABRICACAO, ID_CLIENTE) VALUES ('55336431054','5781134848513351114','GM - Chevrolet','CITY Sedan LX 1.5 Flex 16V 4p Mec.','02/02/2020','11/08/2021','4')
INSERT INTO VEICULOS (RENAVAM,CHASSI,MARCA,MODELO,ANO_MODELO, ANO_FABRICACAO, ID_CLIENTE) VALUES ('83043577702','151608139166381336','Ford','M4 Coupe 3.0 Bi-Turbo 24V 431cv 2p','01/10/2018','28/01/2022','25')
INSERT INTO VEICULOS (RENAVAM,CHASSI,MARCA,MODELO,ANO_MODELO, ANO_FABRICACAO, ID_CLIENTE) VALUES ('25213129208','611371559511310549','Ford','Strada Working HARD 1.4 Fire Flex 8V CE','31/03/2019','17/04/2019','8')
INSERT INTO VEICULOS (RENAVAM,CHASSI,MARCA,MODELO,ANO_MODELO, ANO_FABRICACAO, ID_CLIENTE) VALUES ('65411262864','129941498116139105','Peugeot','500-E 5.0','24/07/2017','01/11/2017','10')
INSERT INTO VEICULOS (RENAVAM,CHASSI,MARCA,MODELO,ANO_MODELO, ANO_FABRICACAO, ID_CLIENTE) VALUES ('38001612772','101444159313140142','GM - Chevrolet','C-240 Classic','09/12/2021','20/12/2021','34')
INSERT INTO VEICULOS (RENAVAM,CHASSI,MARCA,MODELO,ANO_MODELO, ANO_FABRICACAO, ID_CLIENTE) VALUES ('08464420616','203641010531371312','Fiat','Megane Sedan RT 2.0','13/10/2019','24/01/2021','61')
INSERT INTO VEICULOS (RENAVAM,CHASSI,MARCA,MODELO,ANO_MODELO, ANO_FABRICACAO, ID_CLIENTE) VALUES ('18260625261','103713371014136415','VW - VolksWagen','Impreza GL 1.6/1.8 16V','17/06/2020','30/10/2021','59')
INSERT INTO VEICULOS (RENAVAM,CHASSI,MARCA,MODELO,ANO_MODELO, ANO_FABRICACAO, ID_CLIENTE) VALUES ('69764555165','115803141151676515','Ford','505 SR/ SRi/ SRX','07/03/2022','26/03/2022','58')
INSERT INTO VEICULOS (RENAVAM,CHASSI,MARCA,MODELO,ANO_MODELO, ANO_FABRICACAO, ID_CLIENTE) VALUES ('71023761729','211159131654151037','Subaru','Fiesta Class 1.0 2p','01/08/2019','08/10/2020','58')
INSERT INTO VEICULOS (RENAVAM,CHASSI,MARCA,MODELO,ANO_MODELO, ANO_FABRICACAO, ID_CLIENTE) VALUES ('00812334740','971138101322410416','Subaru','Silverado DLX 4.2 Diesel','06/11/2021','26/11/2021','52')
INSERT INTO VEICULOS (RENAVAM,CHASSI,MARCA,MODELO,ANO_MODELO, ANO_FABRICACAO, ID_CLIENTE) VALUES ('48159948373','1506141216121652113','Ford','Frontier S CD 4x4 2.5 TB Diesel','12/08/2018','15/02/2020','54')
INSERT INTO VEICULOS (RENAVAM,CHASSI,MARCA,MODELO,ANO_MODELO, ANO_FABRICACAO, ID_CLIENTE) VALUES ('67695701291','6516101684645212915','Ferrari','307 CC 2.0 16V 2p Aut.','10/05/2017','13/09/2017','18')
INSERT INTO VEICULOS (RENAVAM,CHASSI,MARCA,MODELO,ANO_MODELO, ANO_FABRICACAO, ID_CLIENTE) VALUES ('73492437369','3432461316159721116','Renault','Fit LX 1.5 Flexone 16V 5p Mec.','10/01/2019','18/03/2022','51')
INSERT INTO VEICULOS (RENAVAM,CHASSI,MARCA,MODELO,ANO_MODELO, ANO_FABRICACAO, ID_CLIENTE) VALUES ('91983401147','4951100117512121014','Fiat','F-150 XLT Triton 4.6 V8','28/03/2019','15/06/2020','11')
INSERT INTO VEICULOS (RENAVAM,CHASSI,MARCA,MODELO,ANO_MODELO, ANO_FABRICACAO, ID_CLIENTE) VALUES ('63092762334','413161411285143812','Ford','L200 Sport RS 2.5 CD DTI (passeio) Dies.','30/03/2021','26/11/2021','67')
INSERT INTO VEICULOS (RENAVAM,CHASSI,MARCA,MODELO,ANO_MODELO, ANO_FABRICACAO, ID_CLIENTE) VALUES ('29661520282','157715810121123413','VW - VolksWagen','Doblo Cargo 1.8 mpi Fire Flex 8V/16V 4p','28/01/2018','12/03/2020','29')
INSERT INTO VEICULOS (RENAVAM,CHASSI,MARCA,MODELO,ANO_MODELO, ANO_FABRICACAO, ID_CLIENTE) VALUES ('76690499746','651516016261881110','Honda','Bravo WOLVERINE 1.8 Dualogic Flex 16V 5p','23/10/2017','07/12/2019','4')
INSERT INTO VEICULOS (RENAVAM,CHASSI,MARCA,MODELO,ANO_MODELO, ANO_FABRICACAO, ID_CLIENTE) VALUES ('40198345539','041111146299111914','VW - VolksWagen','206 Passion 1.6 16v 110cv 5p','13/08/2019','03/01/2020','28')
INSERT INTO VEICULOS (RENAVAM,CHASSI,MARCA,MODELO,ANO_MODELO, ANO_FABRICACAO, ID_CLIENTE) VALUES ('31670121456','352461113161414712','CHANA','A4 2.8 Avant V6 30V Quattro Mec.','27/12/2019','15/08/2020','30')
INSERT INTO VEICULOS (RENAVAM,CHASSI,MARCA,MODELO,ANO_MODELO, ANO_FABRICACAO, ID_CLIENTE) VALUES ('30305697516','110411513070711515','Fiat','Gol COPA 1.6 Mi Total Flex 8V 4p','11/04/2019','14/06/2020','2')
INSERT INTO VEICULOS (RENAVAM,CHASSI,MARCA,MODELO,ANO_MODELO, ANO_FABRICACAO, ID_CLIENTE) VALUES ('70847888251','945113134736161414','Hyundai','XJ-12','02/06/2017','14/07/2020','43')
INSERT INTO VEICULOS (RENAVAM,CHASSI,MARCA,MODELO,ANO_MODELO, ANO_FABRICACAO, ID_CLIENTE) VALUES ('19913213975','124121428151210152','GM - Chevrolet','Pointer 1.8 / CLi','14/02/2022','17/03/2022','6')
INSERT INTO VEICULOS (RENAVAM,CHASSI,MARCA,MODELO,ANO_MODELO, ANO_FABRICACAO, ID_CLIENTE) VALUES ('58210808953','105732931011109139','Audi','Saveiro Trendline 1.6 T.Flex 8V CD','06/02/2021','27/11/2021','2')
INSERT INTO VEICULOS (RENAVAM,CHASSI,MARCA,MODELO,ANO_MODELO, ANO_FABRICACAO, ID_CLIENTE) VALUES ('48492309615','151661311614161310','Ford','E-250 Coupe 2.0 TB 211cv Aut.','09/02/2021','21/05/2021','15')
INSERT INTO VEICULOS (RENAVAM,CHASSI,MARCA,MODELO,ANO_MODELO, ANO_FABRICACAO, ID_CLIENTE) VALUES ('69885576712','101122582883165416','MINI','S60 T-5 2.3','09/01/2021','23/10/2021','58')
INSERT INTO VEICULOS (RENAVAM,CHASSI,MARCA,MODELO,ANO_MODELO, ANO_FABRICACAO, ID_CLIENTE) VALUES ('42893212970','3510012181535321413','VW - VolksWagen','Passat Variant 2.0','15/07/2019','07/06/2020','64')
INSERT INTO VEICULOS (RENAVAM,CHASSI,MARCA,MODELO,ANO_MODELO, ANO_FABRICACAO, ID_CLIENTE) VALUES ('44868226758','158971615112501084','GM - Chevrolet','CRUZE HB Sport LTZ 1.8 16V FlexP. 5p Aut','23/01/2018','22/06/2018','12')
INSERT INTO VEICULOS (RENAVAM,CHASSI,MARCA,MODELO,ANO_MODELO, ANO_FABRICACAO, ID_CLIENTE) VALUES ('86043347100','512156571582111424','VW - VolksWagen','C3 Picasso Tendance 1.5 Flex 8V 5p Mec.','23/08/2021','05/02/2022','4')
INSERT INTO VEICULOS (RENAVAM,CHASSI,MARCA,MODELO,ANO_MODELO, ANO_FABRICACAO, ID_CLIENTE) VALUES ('20822795036','4135713281112103611','Mercedes-Benz','T6 2.0 JET Flex 5p Mec.','03/05/2021','04/08/2021','35')
INSERT INTO VEICULOS (RENAVAM,CHASSI,MARCA,MODELO,ANO_MODELO, ANO_FABRICACAO, ID_CLIENTE) VALUES ('73560378379','641014915141483714','Mitsubishi','S10 Pick-Up Executive CD 4.3 4x4','17/03/2018','20/03/2018','59')
INSERT INTO VEICULOS (RENAVAM,CHASSI,MARCA,MODELO,ANO_MODELO, ANO_FABRICACAO, ID_CLIENTE) VALUES ('24037349096','152114121633351012','Renault','Cerato 2.0 16V Aut.','17/06/2021','05/08/2021','33')
INSERT INTO VEICULOS (RENAVAM,CHASSI,MARCA,MODELO,ANO_MODELO, ANO_FABRICACAO, ID_CLIENTE) VALUES ('42546178881','0799916321215144416','Mercedes-Benz','Vectra Elite 2.0 MPFI 8V FlexPower Aut.','03/04/2021','01/06/2021','5')
INSERT INTO VEICULOS (RENAVAM,CHASSI,MARCA,MODELO,ANO_MODELO, ANO_FABRICACAO, ID_CLIENTE) VALUES ('16243055779','106142607127016151','GM - Chevrolet','Pointer 1.8 / CLi','15/04/2020','18/09/2021','68')
INSERT INTO VEICULOS (RENAVAM,CHASSI,MARCA,MODELO,ANO_MODELO, ANO_FABRICACAO, ID_CLIENTE) VALUES ('16373220714','313010097129410120','Hyundai','405 STi','25/02/2021','21/05/2021','67')
INSERT INTO VEICULOS (RENAVAM,CHASSI,MARCA,MODELO,ANO_MODELO, ANO_FABRICACAO, ID_CLIENTE) VALUES ('53844221779','878531116111571514','Mercedes-Benz','E-200 Classic 2.0','09/10/2021','31/01/2022','1')
INSERT INTO VEICULOS (RENAVAM,CHASSI,MARCA,MODELO,ANO_MODELO, ANO_FABRICACAO, ID_CLIENTE) VALUES ('21816496401','1416693411542001011','Peugeot','HB20S C.Plus/C.Style 1.6 Flex 16V Mec.4p','02/09/2019','06/10/2020','42')
INSERT INTO VEICULOS (RENAVAM,CHASSI,MARCA,MODELO,ANO_MODELO, ANO_FABRICACAO, ID_CLIENTE) VALUES ('77341184381','416832610659901016','BMW','C3 Exclus./Excl.Solaris 1.6 Flex 16V Mec','02/05/2021','06/02/2022','59')
INSERT INTO VEICULOS (RENAVAM,CHASSI,MARCA,MODELO,ANO_MODELO, ANO_FABRICACAO, ID_CLIENTE) VALUES ('58963808924','1002601171153166014','Mercedes-Benz','Panamera GT-S 4.8','21/12/2021','25/12/2021','10')
INSERT INTO VEICULOS (RENAVAM,CHASSI,MARCA,MODELO,ANO_MODELO, ANO_FABRICACAO, ID_CLIENTE) VALUES ('68748529694','121601511151515901','Mercedes-Benz','Dakota Durango SLT 5.2 4x4 V8','15/01/2021','26/12/2021','49')
INSERT INTO VEICULOS (RENAVAM,CHASSI,MARCA,MODELO,ANO_MODELO, ANO_FABRICACAO, ID_CLIENTE) VALUES ('22477814480','100069114711916116','VW - VolksWagen','C-10 CD 2.5/ 4.1','20/10/2017','24/04/2018','41')
INSERT INTO VEICULOS (RENAVAM,CHASSI,MARCA,MODELO,ANO_MODELO, ANO_FABRICACAO, ID_CLIENTE) VALUES ('82540194311','151111571269514622','Hyundai','COOPER 1.5 Turbo 12V 3p Aut.','04/03/2020','28/07/2021','20')
INSERT INTO VEICULOS (RENAVAM,CHASSI,MARCA,MODELO,ANO_MODELO, ANO_FABRICACAO, ID_CLIENTE) VALUES ('58048485648','7312430162401135412','Ford','S10 Pick-Up LS 2.4 F.Power 4x2 CS','31/10/2017','01/04/2018','62')
INSERT INTO VEICULOS (RENAVAM,CHASSI,MARCA,MODELO,ANO_MODELO, ANO_FABRICACAO, ID_CLIENTE) VALUES ('57015547613','815310106121171213','Nissan','Lancer Evol. VI 2.0 Turbo 4p','11/05/2018','24/09/2019','55')
INSERT INTO VEICULOS (RENAVAM,CHASSI,MARCA,MODELO,ANO_MODELO, ANO_FABRICACAO, ID_CLIENTE) VALUES ('92132663228','9786812121001044316','GM - Chevrolet','C-180 CGI Exc. 1.6/1.6 Flex TB 16V  Aut.','26/02/2019','11/07/2021','8')
INSERT INTO VEICULOS (RENAVAM,CHASSI,MARCA,MODELO,ANO_MODELO, ANO_FABRICACAO, ID_CLIENTE) VALUES ('77590236064','143131201141697686','GM - Chevrolet','C3 Exclus./Excl.Solaris 1.6 Flex 16V Mec','30/06/2020','16/06/2021','46')
INSERT INTO VEICULOS (RENAVAM,CHASSI,MARCA,MODELO,ANO_MODELO, ANO_FABRICACAO, ID_CLIENTE) VALUES ('46640598979','972141338131011138','Peugeot','Sentra SL 2.0 FlexStart 16V Aut.','04/11/2018','03/04/2020','58')
INSERT INTO VEICULOS (RENAVAM,CHASSI,MARCA,MODELO,ANO_MODELO, ANO_FABRICACAO, ID_CLIENTE) VALUES ('22899582066','1665151310137156816','VW - VolksWagen','Bravo ABSOLUTE 1.8 Flex 16V 5p','08/12/2021','29/03/2022','47')
INSERT INTO VEICULOS (RENAVAM,CHASSI,MARCA,MODELO,ANO_MODELO, ANO_FABRICACAO, ID_CLIENTE) VALUES ('51686169472','123796151511610137','Toyota','Escort XR3 1.8 / 1.6 Conversível','29/05/2021','13/06/2021','38')
INSERT INTO VEICULOS (RENAVAM,CHASSI,MARCA,MODELO,ANO_MODELO, ANO_FABRICACAO, ID_CLIENTE) VALUES ('43488796174','1361621281458131416','Audi','A6 Allroad 3.0 TFSI V6 Quattro S tronic','18/09/2017','05/12/2017','32')
INSERT INTO VEICULOS (RENAVAM,CHASSI,MARCA,MODELO,ANO_MODELO, ANO_FABRICACAO, ID_CLIENTE) VALUES ('08550760774','812711030266117125','Mercedes-Benz','S-600/ S-600 C Classic 6.0','14/03/2020','12/07/2020','25')
INSERT INTO VEICULOS (RENAVAM,CHASSI,MARCA,MODELO,ANO_MODELO, ANO_FABRICACAO, ID_CLIENTE) VALUES ('52112767122','0781410551012151512','Peugeot','Corolla GLi 1.8 Flex 16V  Aut.','07/10/2021','08/03/2022','53')
INSERT INTO VEICULOS (RENAVAM,CHASSI,MARCA,MODELO,ANO_MODELO, ANO_FABRICACAO, ID_CLIENTE) VALUES ('13055752755','910111610910511114','Toyota','Gol 1.8 Mi','21/04/2017','05/08/2020','54')
INSERT INTO VEICULOS (RENAVAM,CHASSI,MARCA,MODELO,ANO_MODELO, ANO_FABRICACAO, ID_CLIENTE) VALUES ('75832596374','269161312249161116','Suzuki','AGILE LTZ EFFECT EASYTR.1.4 8V FlexP. 5p','05/12/2018','21/04/2021','34')
INSERT INTO VEICULOS (RENAVAM,CHASSI,MARCA,MODELO,ANO_MODELO, ANO_FABRICACAO, ID_CLIENTE) VALUES ('96088810040','1211112810513121213','Fiat','928 GTS 5.4 32V','30/06/2021','22/09/2021','38')
INSERT INTO VEICULOS (RENAVAM,CHASSI,MARCA,MODELO,ANO_MODELO, ANO_FABRICACAO, ID_CLIENTE) VALUES ('46835014485','3555421037139613511','Fiat','Legacy 3.6 4x4 256cv Aut.','15/02/2019','08/04/2020','8')
INSERT INTO VEICULOS (RENAVAM,CHASSI,MARCA,MODELO,ANO_MODELO, ANO_FABRICACAO, ID_CLIENTE) VALUES ('00220072125','1141301111111111011','Suzuki','Prince Ace 2.0','11/06/2021','19/09/2021','6')
INSERT INTO VEICULOS (RENAVAM,CHASSI,MARCA,MODELO,ANO_MODELO, ANO_FABRICACAO, ID_CLIENTE) VALUES ('88162911763','811251215365591616','Ford','Range R. Sport L. Edit. SCHARGED 3.0 V6','14/06/2020','22/01/2021','47')
INSERT INTO VEICULOS (RENAVAM,CHASSI,MARCA,MODELO,ANO_MODELO, ANO_FABRICACAO, ID_CLIENTE) VALUES ('39440476939','117012107290118211','BMW','A6 2.8','07/05/2018','12/10/2018','10')
INSERT INTO VEICULOS (RENAVAM,CHASSI,MARCA,MODELO,ANO_MODELO, ANO_FABRICACAO, ID_CLIENTE) VALUES ('72156870061','310101731214411415','Nissan','Fiorino Pick-Up Working 1.5 mpi / i.e.','12/03/2021','12/03/2022','34')
INSERT INTO VEICULOS (RENAVAM,CHASSI,MARCA,MODELO,ANO_MODELO, ANO_FABRICACAO, ID_CLIENTE) VALUES ('99207733340','9781123161141631215','LAMBORGHINI','Freelander HSE 2.5 V6 24V 177cv 5p','15/02/2018','21/07/2020','12')
INSERT INTO VEICULOS (RENAVAM,CHASSI,MARCA,MODELO,ANO_MODELO, ANO_FABRICACAO, ID_CLIENTE) VALUES ('37466703489','512161302121351515','Hyundai','CLK-320 Elegance Cabriolet','17/12/2020','26/11/2021','69')
INSERT INTO VEICULOS (RENAVAM,CHASSI,MARCA,MODELO,ANO_MODELO, ANO_FABRICACAO, ID_CLIENTE) VALUES ('63007771633','921516415981581400','Subaru','Golf Flash 1.6 Mi/1.6 Mi Tot. Flex 8V 4p','22/07/2018','14/01/2020','47')
INSERT INTO VEICULOS (RENAVAM,CHASSI,MARCA,MODELO,ANO_MODELO, ANO_FABRICACAO, ID_CLIENTE) VALUES ('48280961356','810162663100110212','VW - VolksWagen','S80 T6 2.8 BI-Turbo ARM','16/12/2021','28/02/2022','62')
INSERT INTO VEICULOS (RENAVAM,CHASSI,MARCA,MODELO,ANO_MODELO, ANO_FABRICACAO, ID_CLIENTE) VALUES ('03836810428','161171216115815681','BMW','Ducato MaxiCargo/Furgão Maxi 2.8 TB Dies','20/01/2019','16/03/2021','59')
INSERT INTO VEICULOS (RENAVAM,CHASSI,MARCA,MODELO,ANO_MODELO, ANO_FABRICACAO, ID_CLIENTE) VALUES ('98827819539','491541216214162533','Ford','Vantage S Coupe 4.7 V8 430cv','24/07/2018','27/12/2018','30')
INSERT INTO VEICULOS (RENAVAM,CHASSI,MARCA,MODELO,ANO_MODELO, ANO_FABRICACAO, ID_CLIENTE) VALUES ('85071237368','1461012491014101416','Daewoo','A6 2.8 Avant V6 30V Quattro Mec','02/06/2020','22/07/2020','34')
INSERT INTO VEICULOS (RENAVAM,CHASSI,MARCA,MODELO,ANO_MODELO, ANO_FABRICACAO, ID_CLIENTE) VALUES ('96808942995','161311141161033121','Mercedes-Benz','Clio Sed. Privilège Hi-Flex 1.0 16V 4p','22/06/2021','02/08/2021','8')
INSERT INTO VEICULOS (RENAVAM,CHASSI,MARCA,MODELO,ANO_MODELO, ANO_FABRICACAO, ID_CLIENTE) VALUES ('36661136330','4141409615111081315','Ford','Fox Comfortline 1.0 Flex 12V 5p','16/09/2020','06/11/2020','45')
INSERT INTO VEICULOS (RENAVAM,CHASSI,MARCA,MODELO,ANO_MODELO, ANO_FABRICACAO, ID_CLIENTE) VALUES ('43889295347','151376156715112110','Ford','Bonanza S / Luxe 4.1','22/10/2020','03/09/2021','50')
INSERT INTO VEICULOS (RENAVAM,CHASSI,MARCA,MODELO,ANO_MODELO, ANO_FABRICACAO, ID_CLIENTE) VALUES ('64545725788','1413516131013981210','Fiat','911 Carrera 4S Coupe 3.0 420cv','22/07/2019','24/12/2021','29')
INSERT INTO VEICULOS (RENAVAM,CHASSI,MARCA,MODELO,ANO_MODELO, ANO_FABRICACAO, ID_CLIENTE) VALUES ('18771731083','330158161366371609','Ford','S4 4.2 Avant V8 40V 344cv Quattro Tipt.','14/01/2018','08/01/2021','20')
INSERT INTO VEICULOS (RENAVAM,CHASSI,MARCA,MODELO,ANO_MODELO, ANO_FABRICACAO, ID_CLIENTE) VALUES ('15066765381','134150248031061115','Porsche','Outback 2.5 4x4 Mec.','28/07/2018','14/04/2019','27')
INSERT INTO VEICULOS (RENAVAM,CHASSI,MARCA,MODELO,ANO_MODELO, ANO_FABRICACAO, ID_CLIENTE) VALUES ('21592920938','810915684131171215','Audi','306 Soleil 1.8 16V 2p','07/08/2018','07/04/2020','37')
INSERT INTO VEICULOS (RENAVAM,CHASSI,MARCA,MODELO,ANO_MODELO, ANO_FABRICACAO, ID_CLIENTE) VALUES ('99426733952','1512156313491073811','Nissan','120iA Cabrio 2.0 16V 156cv 2p','21/02/2019','28/04/2021','63')
INSERT INTO VEICULOS (RENAVAM,CHASSI,MARCA,MODELO,ANO_MODELO, ANO_FABRICACAO, ID_CLIENTE) VALUES ('41812710941','3121151301531331310','Mercedes-Benz','Sprinter 313 Chassi 2.2 129cv Diesel','30/05/2020','22/05/2021','31')
INSERT INTO VEICULOS (RENAVAM,CHASSI,MARCA,MODELO,ANO_MODELO, ANO_FABRICACAO, ID_CLIENTE) VALUES ('42365596409','4159161015159831315','Alfa Romeo','850 Sedan','10/08/2018','15/04/2021','39')
INSERT INTO VEICULOS (RENAVAM,CHASSI,MARCA,MODELO,ANO_MODELO, ANO_FABRICACAO, ID_CLIENTE) VALUES ('13651007104','7931201116976423011','Land Rover','Fiesta Sedan Street 1.6 8v 4p','11/09/2020','04/01/2021','48')
INSERT INTO VEICULOS (RENAVAM,CHASSI,MARCA,MODELO,ANO_MODELO, ANO_FABRICACAO, ID_CLIENTE) VALUES ('22232200451','411102010543516129','Fiat','SANDERO Dyna. EasyR Hi-Flex 1.6 8V','23/08/2018','17/05/2021','39')
INSERT INTO VEICULOS (RENAVAM,CHASSI,MARCA,MODELO,ANO_MODELO, ANO_FABRICACAO, ID_CLIENTE) VALUES ('17539422024','0889551515104121513','Mitsubishi','Sprinter 311 Furgão Curto 2.2 Dies','13/04/2018','06/06/2021','48')
INSERT INTO VEICULOS (RENAVAM,CHASSI,MARCA,MODELO,ANO_MODELO, ANO_FABRICACAO, ID_CLIENTE) VALUES ('45977474123','1016581390116161114','GM - Chevrolet','Camry XLE 3.0 24V 186cv','25/12/2019','01/11/2020','70')
INSERT INTO VEICULOS (RENAVAM,CHASSI,MARCA,MODELO,ANO_MODELO, ANO_FABRICACAO, ID_CLIENTE) VALUES ('77407080052','1160141491516131513','Mercedes-Benz','Doblo ELX 1.8 mpi 8V Flex','08/05/2019','25/11/2019','49')
INSERT INTO VEICULOS (RENAVAM,CHASSI,MARCA,MODELO,ANO_MODELO, ANO_FABRICACAO, ID_CLIENTE) VALUES ('23955797117','5181510012131461515','Peugeot','AVENTADOR LP 700-4 ROADSTER','25/09/2018','27/03/2020','66')
INSERT INTO VEICULOS (RENAVAM,CHASSI,MARCA,MODELO,ANO_MODELO, ANO_FABRICACAO, ID_CLIENTE) VALUES ('39439026965','140105312161112484','Mercedes-Benz','Escort GL 1.8i 16V 3p','14/05/2018','11/09/2019','11')
INSERT INTO VEICULOS (RENAVAM,CHASSI,MARCA,MODELO,ANO_MODELO, ANO_FABRICACAO, ID_CLIENTE) VALUES ('18899781360','0961610847827910913','Fiat','Ranger TROPIVAN 3.2 20V 4X4 TB Diesel','30/06/2018','15/08/2021','50')
INSERT INTO VEICULOS (RENAVAM,CHASSI,MARCA,MODELO,ANO_MODELO, ANO_FABRICACAO, ID_CLIENTE) VALUES ('43644893530','911616781591348119','Mitsubishi','Legacy GL TW 2.0 4x4 Mec.','15/01/2020','19/11/2021','27')
INSERT INTO VEICULOS (RENAVAM,CHASSI,MARCA,MODELO,ANO_MODELO, ANO_FABRICACAO, ID_CLIENTE) VALUES ('45646329528','028141214221373661','Jeep','Sonata GL 2.0 4p','21/05/2019','01/06/2020','51')
INSERT INTO VEICULOS (RENAVAM,CHASSI,MARCA,MODELO,ANO_MODELO, ANO_FABRICACAO, ID_CLIENTE) VALUES ('65525492469','433118615101114212','Suzuki','Palio Weekend Adv. LOCKER Ext. 1.8 Flex','07/04/2020','13/08/2020','50')
INSERT INTO VEICULOS (RENAVAM,CHASSI,MARCA,MODELO,ANO_MODELO, ANO_FABRICACAO, ID_CLIENTE) VALUES ('26564793634','141511471010136118','GM - Chevrolet','TRANSIT Furgão 2.2 TDCI Curto Diesel','05/10/2020','08/02/2021','62')
INSERT INTO VEICULOS (RENAVAM,CHASSI,MARCA,MODELO,ANO_MODELO, ANO_FABRICACAO, ID_CLIENTE) VALUES ('52601017795','161011028982153015','Peugeot','Meriva Expres.EASYTRONIC 1.8 FlexPower','11/03/2021','11/01/2022','17')
INSERT INTO VEICULOS (RENAVAM,CHASSI,MARCA,MODELO,ANO_MODELO, ANO_FABRICACAO, ID_CLIENTE) VALUES ('94719516945','4417098101526109611','Renault','S10 Pick-Up 2.8 4x2 Turbo Interc. Dies.','31/01/2020','28/02/2020','33')
INSERT INTO VEICULOS (RENAVAM,CHASSI,MARCA,MODELO,ANO_MODELO, ANO_FABRICACAO, ID_CLIENTE) VALUES ('11880803817','1571171481614131311','VW - VolksWagen','Frontier XE/ XE TIT. CD 4x2 2.8 TDI Dies','21/07/2020','26/08/2020','62')
INSERT INTO VEICULOS (RENAVAM,CHASSI,MARCA,MODELO,ANO_MODELO, ANO_FABRICACAO, ID_CLIENTE) VALUES ('37375696412','151114151253414134','VW - VolksWagen','Veraneio S / Luxe 4.1','30/05/2017','16/05/2021','27')
INSERT INTO VEICULOS (RENAVAM,CHASSI,MARCA,MODELO,ANO_MODELO, ANO_FABRICACAO, ID_CLIENTE) VALUES ('05933494123','131115081015141213','Mercedes-Benz','Megane Sed. EXTREME 2.0 16V Mec.','08/11/2020','31/07/2021','24')
INSERT INTO VEICULOS (RENAVAM,CHASSI,MARCA,MODELO,ANO_MODELO, ANO_FABRICACAO, ID_CLIENTE) VALUES ('50999870689','151002101512478153','Mercedes-Benz','328iA M Sport 2.0 16V Flex 4p','26/06/2018','24/04/2021','28')
INSERT INTO VEICULOS (RENAVAM,CHASSI,MARCA,MODELO,ANO_MODELO, ANO_FABRICACAO, ID_CLIENTE) VALUES ('74997804287','151013371140114111','Ford','XE 3.0 Supercharged S 340cv Aut.','11/05/2017','04/09/2017','33')
INSERT INTO VEICULOS (RENAVAM,CHASSI,MARCA,MODELO,ANO_MODELO, ANO_FABRICACAO, ID_CLIENTE) VALUES ('39111670065','621021141061452133','Mercedes-Benz','Veloster 1.6 16V  140cv Aut.','16/09/2021','02/12/2021','70')
INSERT INTO VEICULOS (RENAVAM,CHASSI,MARCA,MODELO,ANO_MODELO, ANO_FABRICACAO, ID_CLIENTE) VALUES ('78836630366','1026551115751514216','Land Rover','Vitara JLX 1.6 16V 4x4 4p Mec.','29/10/2021','26/02/2022','39')
INSERT INTO VEICULOS (RENAVAM,CHASSI,MARCA,MODELO,ANO_MODELO, ANO_FABRICACAO, ID_CLIENTE) VALUES ('23534757708','616148131180710013','Ford','A4 1.8  Aut.','30/12/2020','10/01/2021','48')
INSERT INTO VEICULOS (RENAVAM,CHASSI,MARCA,MODELO,ANO_MODELO, ANO_FABRICACAO, ID_CLIENTE) VALUES ('87656220000','151581216161124911','Subaru','Hi-Topic SLX/SDX/DLX Full Diesel','13/09/2017','17/09/2018','29')
INSERT INTO VEICULOS (RENAVAM,CHASSI,MARCA,MODELO,ANO_MODELO, ANO_FABRICACAO, ID_CLIENTE) VALUES ('54451390457','8135473711141155315','Subaru','Sprinter 312 Van Luxo 15lug. Diesel','15/08/2017','28/04/2019','40')
INSERT INTO VEICULOS (RENAVAM,CHASSI,MARCA,MODELO,ANO_MODELO, ANO_FABRICACAO, ID_CLIENTE) VALUES ('18962555196','610011315883581112','Land Rover','S10 Pick-Up Luxe 2.5 CE TB Diesel','27/01/2020','07/10/2021','4')
INSERT INTO VEICULOS (RENAVAM,CHASSI,MARCA,MODELO,ANO_MODELO, ANO_FABRICACAO, ID_CLIENTE) VALUES ('04617136182','4506012581212121016','Land Rover','TRANSIT Chassi 2.2 TDCI Diesel','02/05/2018','25/01/2022','20')
INSERT INTO VEICULOS (RENAVAM,CHASSI,MARCA,MODELO,ANO_MODELO, ANO_FABRICACAO, ID_CLIENTE) VALUES ('98387038869','131481019311482166','Citroën','Master 2.5 dCi 16V 115cv 13L Diesel','07/01/2019','25/10/2021','26')
INSERT INTO VEICULOS (RENAVAM,CHASSI,MARCA,MODELO,ANO_MODELO, ANO_FABRICACAO, ID_CLIENTE) VALUES ('81687327806','031714594121168320','Mercedes-Benz','Lancer Evolut. VII/ VIII/ IX 2.0 280cv T','12/11/2017','23/07/2019','62')
INSERT INTO VEICULOS (RENAVAM,CHASSI,MARCA,MODELO,ANO_MODELO, ANO_FABRICACAO, ID_CLIENTE) VALUES ('70816687217','361576131157142810','Mercedes-Benz','L200 Triton Savana 3.2 CD TBI Dies. Mec.','10/05/2019','20/01/2020','44')
INSERT INTO VEICULOS (RENAVAM,CHASSI,MARCA,MODELO,ANO_MODELO, ANO_FABRICACAO, ID_CLIENTE) VALUES ('32651247691','101540111361150128','Ford','Laika 1.5','25/03/2021','27/07/2021','60')
INSERT INTO VEICULOS (RENAVAM,CHASSI,MARCA,MODELO,ANO_MODELO, ANO_FABRICACAO, ID_CLIENTE) VALUES ('59374588335','227101312104470431','VW - VolksWagen','C-220 Classic/Elegance/Sport','23/12/2021','15/02/2022','50')
INSERT INTO VEICULOS (RENAVAM,CHASSI,MARCA,MODELO,ANO_MODELO, ANO_FABRICACAO, ID_CLIENTE) VALUES ('48296035970','111078810131610216','Nissan','Swift Sport R 1.6 16V 5p Mec.','01/10/2020','11/07/2021','12')
INSERT INTO VEICULOS (RENAVAM,CHASSI,MARCA,MODELO,ANO_MODELO, ANO_FABRICACAO, ID_CLIENTE) VALUES ('49092607029','140950912711701313','Mitsubishi','Outback 3.0 H6 SW 245cv Aut.','30/01/2020','11/06/2020','52')
INSERT INTO VEICULOS (RENAVAM,CHASSI,MARCA,MODELO,ANO_MODELO, ANO_FABRICACAO, ID_CLIENTE) VALUES ('44047330345','113913533161191015','Fiat','XF 2.0 Turbo 16V 240cv Aut.','04/05/2020','28/03/2021','61')
INSERT INTO VEICULOS (RENAVAM,CHASSI,MARCA,MODELO,ANO_MODELO, ANO_FABRICACAO, ID_CLIENTE) VALUES ('56924978784','111314811910510615','Audi','MARRUÁ AM 150 2.8  CS TDI Diesel','03/12/2017','18/02/2020','33')
INSERT INTO VEICULOS (RENAVAM,CHASSI,MARCA,MODELO,ANO_MODELO, ANO_FABRICACAO, ID_CLIENTE) VALUES ('25251134382','839141012148151069','Fiat','Cherokee Limited 3.2 4x4 V6 Aut.','03/07/2018','21/07/2020','16')
INSERT INTO VEICULOS (RENAVAM,CHASSI,MARCA,MODELO,ANO_MODELO, ANO_FABRICACAO, ID_CLIENTE) VALUES ('44419904113','5710157513310590616','Audi','NX 2000','28/12/2020','02/08/2021','11')
INSERT INTO VEICULOS (RENAVAM,CHASSI,MARCA,MODELO,ANO_MODELO, ANO_FABRICACAO, ID_CLIENTE) VALUES ('67006949272','115540166121312714','Mercedes-Benz','Escort Hobby 1.6','27/12/2019','26/09/2020','2')
INSERT INTO VEICULOS (RENAVAM,CHASSI,MARCA,MODELO,ANO_MODELO, ANO_FABRICACAO, ID_CLIENTE) VALUES ('33234459686','315071412601212513','VW - VolksWagen','Cirrus LXi 2.5 V6 24V','17/10/2020','23/11/2021','22')
INSERT INTO VEICULOS (RENAVAM,CHASSI,MARCA,MODELO,ANO_MODELO, ANO_FABRICACAO, ID_CLIENTE) VALUES ('39828432360','1061241141401213616','Dodge','RS Q3 2.5 TFSI Quattro S-tronic 5p','31/01/2021','27/06/2021','61')
INSERT INTO VEICULOS (RENAVAM,CHASSI,MARCA,MODELO,ANO_MODELO, ANO_FABRICACAO, ID_CLIENTE) VALUES ('95584143523','613411787151631515','Nissan','MINI STAR CSB 1.0 8V 53cv (Pick-Up Báu)','13/05/2018','15/11/2018','11')
INSERT INTO VEICULOS (RENAVAM,CHASSI,MARCA,MODELO,ANO_MODELO, ANO_FABRICACAO, ID_CLIENTE) VALUES ('00055337501','711881191581401414','MINI','500 Cabrio Dualogic Flex 1.4 8V','02/06/2021','28/11/2021','17')
INSERT INTO VEICULOS (RENAVAM,CHASSI,MARCA,MODELO,ANO_MODELO, ANO_FABRICACAO, ID_CLIENTE) VALUES ('83386796545','157114029812164858','GM - Chevrolet','348 Spider 3.4','22/12/2021','05/03/2022','20')
INSERT INTO VEICULOS (RENAVAM,CHASSI,MARCA,MODELO,ANO_MODELO, ANO_FABRICACAO, ID_CLIENTE) VALUES ('67586991214','441211516151016113','MINI','UNO SPORTING 1.4 B.Edit. Flex 8V 5p','30/08/2020','11/10/2020','43')
INSERT INTO VEICULOS (RENAVAM,CHASSI,MARCA,MODELO,ANO_MODELO, ANO_FABRICACAO, ID_CLIENTE) VALUES ('60155055569','1435681052140105316','VW - VolksWagen','C70 Cabriolet','03/08/2021','10/08/2021','50')
INSERT INTO VEICULOS (RENAVAM,CHASSI,MARCA,MODELO,ANO_MODELO, ANO_FABRICACAO, ID_CLIENTE) VALUES ('31357434764','8141643671311799616','Audi','Galloper 3.0 V6 Super Luxo Aut','27/05/2017','08/02/2020','61')
INSERT INTO VEICULOS (RENAVAM,CHASSI,MARCA,MODELO,ANO_MODELO, ANO_FABRICACAO, ID_CLIENTE) VALUES ('48695595040','205296107111161561','Renault','Corsa Wagon GLS 1.6 16V MPFI 4p','15/01/2019','28/08/2021','18')
INSERT INTO VEICULOS (RENAVAM,CHASSI,MARCA,MODELO,ANO_MODELO, ANO_FABRICACAO, ID_CLIENTE) VALUES ('57870255074','251401666351615022','Jeep','OPTIMA 2.4 16V 180cv Aut.','07/10/2018','05/08/2020','15')
INSERT INTO VEICULOS (RENAVAM,CHASSI,MARCA,MODELO,ANO_MODELO, ANO_FABRICACAO, ID_CLIENTE) VALUES ('65990031266','6091014731113911414','Audi','F599 GTB Fiorano F1 6.0 V12 620cv','16/06/2019','25/07/2020','9')
INSERT INTO VEICULOS (RENAVAM,CHASSI,MARCA,MODELO,ANO_MODELO, ANO_FABRICACAO, ID_CLIENTE) VALUES ('77910842591','4131203296704615512','JINBEI','Bravo BlackMotion 1.8 Flex 16v 5p','30/04/2021','13/10/2021','55')
INSERT INTO VEICULOS (RENAVAM,CHASSI,MARCA,MODELO,ANO_MODELO, ANO_FABRICACAO, ID_CLIENTE) VALUES ('43724202812','501410515340614586','Ford','Palio Week. Adv. Dualogic 1.8 Flex','06/11/2017','31/08/2018','30')
INSERT INTO VEICULOS (RENAVAM,CHASSI,MARCA,MODELO,ANO_MODELO, ANO_FABRICACAO, ID_CLIENTE) VALUES ('87288250734','312140161073160726','GM - Chevrolet','Gol 1.0 Plus 8v 4p','08/06/2017','06/02/2022','49')
INSERT INTO VEICULOS (RENAVAM,CHASSI,MARCA,MODELO,ANO_MODELO, ANO_FABRICACAO, ID_CLIENTE) VALUES ('25407449436','727113161211913711','Hyundai','S10 Pick-Up LTZ 2.4 F.Power 4x2 CD','20/02/2020','02/10/2021','61')
INSERT INTO VEICULOS (RENAVAM,CHASSI,MARCA,MODELO,ANO_MODELO, ANO_FABRICACAO, ID_CLIENTE) VALUES ('62785084875','1214127151115714815','Mitsubishi','Celta Spirit 1.4 MPFI 8V 85cv 5p','15/09/2021','29/03/2022','26')
INSERT INTO VEICULOS (RENAVAM,CHASSI,MARCA,MODELO,ANO_MODELO, ANO_FABRICACAO, ID_CLIENTE) VALUES ('33701081996','1221502021145141516','Fiat','Elantra GL','05/12/2020','01/03/2021','35')
INSERT INTO VEICULOS (RENAVAM,CHASSI,MARCA,MODELO,ANO_MODELO, ANO_FABRICACAO, ID_CLIENTE) VALUES ('76193896989','115671611111416519','Ford','650i Gran Coupe 4.4 V8 450cv 4p','13/11/2021','02/01/2022','38')
INSERT INTO VEICULOS (RENAVAM,CHASSI,MARCA,MODELO,ANO_MODELO, ANO_FABRICACAO, ID_CLIENTE) VALUES ('15736233557','611614131112127607','Ford','RAV4 2.0 4x4 16V Mec.','22/05/2021','12/10/2021','64')
INSERT INTO VEICULOS (RENAVAM,CHASSI,MARCA,MODELO,ANO_MODELO, ANO_FABRICACAO, ID_CLIENTE) VALUES ('89923371806','1410501606414101015','GM - Chevrolet','F-250 XL Super Duty 4.2 TB Diesel','09/11/2020','14/07/2021','20')
INSERT INTO VEICULOS (RENAVAM,CHASSI,MARCA,MODELO,ANO_MODELO, ANO_FABRICACAO, ID_CLIENTE) VALUES ('16501165909','1363703216283112513','VW - VolksWagen','X1 XDRIVE 28i 2.0 Turbo 16V 4x4 Aut.','01/07/2017','24/04/2019','27')
INSERT INTO VEICULOS (RENAVAM,CHASSI,MARCA,MODELO,ANO_MODELO, ANO_FABRICACAO, ID_CLIENTE) VALUES ('87948087043','149231699497146713','VW - VolksWagen','106 XN 3p e 5p','10/08/2019','12/01/2021','25')
INSERT INTO VEICULOS (RENAVAM,CHASSI,MARCA,MODELO,ANO_MODELO, ANO_FABRICACAO, ID_CLIENTE) VALUES ('58664079161','814121412958160167','Ford','S7 4.0 TFSI 420/450cv Quattro S-tronic','09/03/2021','29/01/2022','59')
INSERT INTO VEICULOS (RENAVAM,CHASSI,MARCA,MODELO,ANO_MODELO, ANO_FABRICACAO, ID_CLIENTE) VALUES ('97140883732','8816684131040132210','Fiat','Nubira CDX 2.0 16V Mec.','06/03/2020','10/08/2021','2')
INSERT INTO VEICULOS (RENAVAM,CHASSI,MARCA,MODELO,ANO_MODELO, ANO_FABRICACAO, ID_CLIENTE) VALUES ('56760074016','111112456151110431','Renault','Defender 110 2.5 TDi High Capacity Dies.','09/02/2018','01/04/2018','57')
INSERT INTO VEICULOS (RENAVAM,CHASSI,MARCA,MODELO,ANO_MODELO, ANO_FABRICACAO, ID_CLIENTE) VALUES ('85209738192','513101148513310109','Ford','Focus TITANIUM 2.0 16V Flex 5p Mec.','18/01/2021','18/02/2022','43')
INSERT INTO VEICULOS (RENAVAM,CHASSI,MARCA,MODELO,ANO_MODELO, ANO_FABRICACAO, ID_CLIENTE) VALUES ('26286265997','410498122510106914','Citroën','Astra Elite 2.0 MPFI FlexPower 8V 5p Mec','30/10/2019','22/06/2021','11')
INSERT INTO VEICULOS (RENAVAM,CHASSI,MARCA,MODELO,ANO_MODELO, ANO_FABRICACAO, ID_CLIENTE) VALUES ('98840315189','158111681572611339','Porsche','PRISMA Sed. Maxx 1.0 8V FlexPower 4p','30/10/2021','02/12/2021','61')
INSERT INTO VEICULOS (RENAVAM,CHASSI,MARCA,MODELO,ANO_MODELO, ANO_FABRICACAO, ID_CLIENTE) VALUES ('52232740932','1936112511870971010','GM - Chevrolet','Ducato Minibus 2.8 Turbo Diesel','21/05/2017','24/08/2020','24')
INSERT INTO VEICULOS (RENAVAM,CHASSI,MARCA,MODELO,ANO_MODELO, ANO_FABRICACAO, ID_CLIENTE) VALUES ('96868002132','4812914108710115510','Mercedes-Benz','S10 Pick-Up LT 2.4 F.Power 4x2 CD','26/09/2019','08/11/2020','5')
INSERT INTO FUNCIONARIOS_SETORES (ID_FUNCIONARIO,ID_SETOR) VALUES (1, 2)
INSERT INTO FUNCIONARIOS_SETORES (ID_FUNCIONARIO,ID_SETOR) VALUES (2, 2)
INSERT INTO FUNCIONARIOS_SETORES (ID_FUNCIONARIO,ID_SETOR) VALUES (3, 2)
INSERT INTO FUNCIONARIOS_SETORES (ID_FUNCIONARIO,ID_SETOR) VALUES (4, 5)
INSERT INTO FUNCIONARIOS_SETORES (ID_FUNCIONARIO,ID_SETOR) VALUES (5, 4)
INSERT INTO FUNCIONARIOS_SETORES (ID_FUNCIONARIO,ID_SETOR) VALUES (6, 2)
INSERT INTO FUNCIONARIOS_SETORES (ID_FUNCIONARIO,ID_SETOR) VALUES (7, 4)
INSERT INTO FUNCIONARIOS_SETORES (ID_FUNCIONARIO,ID_SETOR) VALUES (8, 3)
INSERT INTO FUNCIONARIOS_SETORES (ID_FUNCIONARIO,ID_SETOR) VALUES (9, 5)
INSERT INTO FUNCIONARIOS_SETORES (ID_FUNCIONARIO,ID_SETOR) VALUES (10, 3)
INSERT INTO FUNCIONARIOS_SETORES (ID_FUNCIONARIO,ID_SETOR) VALUES (11, 4)
INSERT INTO FUNCIONARIOS_SETORES (ID_FUNCIONARIO,ID_SETOR) VALUES (12, 3)
INSERT INTO FUNCIONARIOS_SETORES (ID_FUNCIONARIO,ID_SETOR) VALUES (13, 3)
INSERT INTO FUNCIONARIOS_SETORES (ID_FUNCIONARIO,ID_SETOR) VALUES (14, 5)
INSERT INTO FUNCIONARIOS_SETORES (ID_FUNCIONARIO,ID_SETOR) VALUES (15, 4)
INSERT INTO FUNCIONARIOS_SETORES (ID_FUNCIONARIO,ID_SETOR) VALUES (16, 4)
INSERT INTO FUNCIONARIOS_SETORES (ID_FUNCIONARIO,ID_SETOR) VALUES (17, 3)
INSERT INTO FUNCIONARIOS_SETORES (ID_FUNCIONARIO,ID_SETOR) VALUES (18, 1)
INSERT INTO FUNCIONARIOS_SETORES (ID_FUNCIONARIO,ID_SETOR) VALUES (19, 1)
INSERT INTO FUNCIONARIOS_SETORES (ID_FUNCIONARIO,ID_SETOR) VALUES (20, 3)
INSERT INTO FUNCIONARIOS_SETORES (ID_FUNCIONARIO,ID_SETOR) VALUES (21, 2)
INSERT INTO FUNCIONARIOS_SETORES (ID_FUNCIONARIO,ID_SETOR) VALUES (22, 4)
INSERT INTO FUNCIONARIOS_SETORES (ID_FUNCIONARIO,ID_SETOR) VALUES (23, 2)
INSERT INTO FUNCIONARIOS_SETORES (ID_FUNCIONARIO,ID_SETOR) VALUES (24, 3)
INSERT INTO FUNCIONARIOS_SETORES (ID_FUNCIONARIO,ID_SETOR) VALUES (25, 5)
INSERT INTO FUNCIONARIOS_SETORES (ID_FUNCIONARIO,ID_SETOR) VALUES (26, 1)
INSERT INTO FUNCIONARIOS_SETORES (ID_FUNCIONARIO,ID_SETOR) VALUES (27, 1)
INSERT INTO FUNCIONARIOS_SETORES (ID_FUNCIONARIO,ID_SETOR) VALUES (28, 4)
INSERT INTO FUNCIONARIOS_SETORES (ID_FUNCIONARIO,ID_SETOR) VALUES (29, 4)
INSERT INTO FUNCIONARIOS_SETORES (ID_FUNCIONARIO,ID_SETOR) VALUES (30, 4)
INSERT INTO SERVICOS (TEMPO_EXECUCAO, DATA_REGISTRO,ID_SETOR,ID_VEICULO) VALUES ('3:00:00','16/11/2021 00:51:14',3, '96559396344')
INSERT INTO SERVICOS (TEMPO_EXECUCAO, DATA_REGISTRO,ID_SETOR,ID_VEICULO) VALUES ('2:00:00','24/03/2022 05:09:24',1, '28639126811')
INSERT INTO SERVICOS (TEMPO_EXECUCAO, DATA_REGISTRO,ID_SETOR,ID_VEICULO) VALUES ('2:00:00','28/01/2022 09:34:03',4, '43724202812')
INSERT INTO SERVICOS (TEMPO_EXECUCAO, DATA_REGISTRO,ID_SETOR,ID_VEICULO) VALUES ('10:00:00','31/03/2020 06:38:54',1, '40198345539')
INSERT INTO SERVICOS (TEMPO_EXECUCAO, DATA_REGISTRO,ID_SETOR,ID_VEICULO) VALUES ('2:00:00','15/01/2022 19:28:15',4, '67586991214')
INSERT INTO SERVICOS (TEMPO_EXECUCAO, DATA_REGISTRO,ID_SETOR,ID_VEICULO) VALUES ('4:00:00','03/11/2018 20:12:10',2, '43724202812')
INSERT INTO SERVICOS (TEMPO_EXECUCAO, DATA_REGISTRO,ID_SETOR,ID_VEICULO) VALUES ('3:00:00','26/04/2021 14:57:58',2, '25251134382')
INSERT INTO SERVICOS (TEMPO_EXECUCAO, DATA_REGISTRO,ID_SETOR,ID_VEICULO) VALUES ('9:00:00','15/01/2021 07:21:36',2, '08550760774')
INSERT INTO SERVICOS (TEMPO_EXECUCAO, DATA_REGISTRO,ID_SETOR,ID_VEICULO) VALUES ('3:00:00','05/04/2022 18:43:09',4, '86043347100')
INSERT INTO SERVICOS (TEMPO_EXECUCAO, DATA_REGISTRO,ID_SETOR,ID_VEICULO) VALUES ('3:00:00','13/02/2022 21:49:20',5, '39440476939')
INSERT INTO SERVICOS (TEMPO_EXECUCAO, DATA_REGISTRO,ID_SETOR,ID_VEICULO) VALUES ('2:00:00','12/10/2020 04:56:34',4, '90448547905')
INSERT INTO SERVICOS (TEMPO_EXECUCAO, DATA_REGISTRO,ID_SETOR,ID_VEICULO) VALUES ('3:00:00','23/09/2021 20:23:42',4, '56924978784')
INSERT INTO SERVICOS (TEMPO_EXECUCAO, DATA_REGISTRO,ID_SETOR,ID_VEICULO) VALUES ('10:00:00','25/03/2022 00:54:02',2, '48492309615')
INSERT INTO SERVICOS (TEMPO_EXECUCAO, DATA_REGISTRO,ID_SETOR,ID_VEICULO) VALUES ('10:00:00','04/10/2021 04:04:05',1, '42546178881')
INSERT INTO SERVICOS (TEMPO_EXECUCAO, DATA_REGISTRO,ID_SETOR,ID_VEICULO) VALUES ('3:00:00','22/11/2021 18:46:47',4, '05232401619')
INSERT INTO SERVICOS (TEMPO_EXECUCAO, DATA_REGISTRO,ID_SETOR,ID_VEICULO) VALUES ('6:00:00','08/03/2022 06:17:16',1, '00142175736')
INSERT INTO SERVICOS (TEMPO_EXECUCAO, DATA_REGISTRO,ID_SETOR,ID_VEICULO) VALUES ('6:00:00','10/02/2022 01:45:40',5, '56924978784')
INSERT INTO SERVICOS (TEMPO_EXECUCAO, DATA_REGISTRO,ID_SETOR,ID_VEICULO) VALUES ('2:00:00','12/04/2020 01:58:51',5, '98827819539')
INSERT INTO SERVICOS (TEMPO_EXECUCAO, DATA_REGISTRO,ID_SETOR,ID_VEICULO) VALUES ('3:00:00','27/10/2021 03:03:51',4, '39440476939')
INSERT INTO SERVICOS (TEMPO_EXECUCAO, DATA_REGISTRO,ID_SETOR,ID_VEICULO) VALUES ('9:00:00','12/02/2022 09:33:22',1, '44729802292')
INSERT INTO SERVICOS (TEMPO_EXECUCAO, DATA_REGISTRO,ID_SETOR,ID_VEICULO) VALUES ('2:00:00','11/03/2022 17:05:41',1, '78836630366')
INSERT INTO SERVICOS (TEMPO_EXECUCAO, DATA_REGISTRO,ID_SETOR,ID_VEICULO) VALUES ('2:00:00','12/11/2020 23:36:10',3, '62623289047')
INSERT INTO SERVICOS (TEMPO_EXECUCAO, DATA_REGISTRO,ID_SETOR,ID_VEICULO) VALUES ('3:00:00','20/03/2022 00:55:14',3, '19913213975')
INSERT INTO SERVICOS (TEMPO_EXECUCAO, DATA_REGISTRO,ID_SETOR,ID_VEICULO) VALUES ('3:00:00','30/12/2021 14:25:29',3, '25213129208')
INSERT INTO SERVICOS (TEMPO_EXECUCAO, DATA_REGISTRO,ID_SETOR,ID_VEICULO) VALUES ('4:00:00','29/03/2022 04:43:08',5, '62785084875')
INSERT INTO SERVICOS (TEMPO_EXECUCAO, DATA_REGISTRO,ID_SETOR,ID_VEICULO) VALUES ('3:00:00','25/09/2021 18:22:55',4, '00220072125')
INSERT INTO SERVICOS (TEMPO_EXECUCAO, DATA_REGISTRO,ID_SETOR,ID_VEICULO) VALUES ('7:00:00','18/11/2021 07:28:22',2, '18260625261')
INSERT INTO SERVICOS (TEMPO_EXECUCAO, DATA_REGISTRO,ID_SETOR,ID_VEICULO) VALUES ('6:00:00','22/03/2022 11:28:32',5, '33234459686')
INSERT INTO SERVICOS (TEMPO_EXECUCAO, DATA_REGISTRO,ID_SETOR,ID_VEICULO) VALUES ('10:00:00','22/01/2022 21:49:55',2, '58963808924')
INSERT INTO SERVICOS (TEMPO_EXECUCAO, DATA_REGISTRO,ID_SETOR,ID_VEICULO) VALUES ('5:00:00','02/04/2022 17:51:47',1, '22899582066')
INSERT INTO SERVICOS (TEMPO_EXECUCAO, DATA_REGISTRO,ID_SETOR,ID_VEICULO) VALUES ('2:00:00','02/06/2020 07:43:09',4, '40198345539')
INSERT INTO SERVICOS (TEMPO_EXECUCAO, DATA_REGISTRO,ID_SETOR,ID_VEICULO) VALUES ('10:00:00','30/05/2021 21:44:46',2, '48492309615')
INSERT INTO SERVICOS (TEMPO_EXECUCAO, DATA_REGISTRO,ID_SETOR,ID_VEICULO) VALUES ('2:00:00','01/04/2022 09:57:15',4, '23534757708')
INSERT INTO SERVICOS (TEMPO_EXECUCAO, DATA_REGISTRO,ID_SETOR,ID_VEICULO) VALUES ('4:00:00','04/04/2022 05:01:30',1, '19913213975')
INSERT INTO SERVICOS (TEMPO_EXECUCAO, DATA_REGISTRO,ID_SETOR,ID_VEICULO) VALUES ('4:00:00','30/06/2021 17:30:14',3, '48492309615')
INSERT INTO SERVICOS (TEMPO_EXECUCAO, DATA_REGISTRO,ID_SETOR,ID_VEICULO) VALUES ('11:00:00','19/04/2020 15:52:53',2, '55289418943')
INSERT INTO SERVICOS (TEMPO_EXECUCAO, DATA_REGISTRO,ID_SETOR,ID_VEICULO) VALUES ('5:00:00','25/10/2021 07:05:37',1, '90448547905')
INSERT INTO SERVICOS (TEMPO_EXECUCAO, DATA_REGISTRO,ID_SETOR,ID_VEICULO) VALUES ('10:00:00','02/10/2021 08:19:13',1, '98824998436')
INSERT INTO SERVICOS (TEMPO_EXECUCAO, DATA_REGISTRO,ID_SETOR,ID_VEICULO) VALUES ('10:00:00','04/06/2020 20:07:02',2, '56924978784')
INSERT INTO SERVICOS (TEMPO_EXECUCAO, DATA_REGISTRO,ID_SETOR,ID_VEICULO) VALUES ('2:00:00','26/03/2022 14:05:47',2, '30305697516')
INSERT INTO SERVICOS (TEMPO_EXECUCAO, DATA_REGISTRO,ID_SETOR,ID_VEICULO) VALUES ('7:00:00','17/03/2022 07:05:32',1, '87288250734')
INSERT INTO SERVICOS (TEMPO_EXECUCAO, DATA_REGISTRO,ID_SETOR,ID_VEICULO) VALUES ('3:00:00','30/10/2021 20:25:14',4, '33701081996')
INSERT INTO SERVICOS (TEMPO_EXECUCAO, DATA_REGISTRO,ID_SETOR,ID_VEICULO) VALUES ('8:00:00','06/09/2020 15:12:12',1, '65525492469')
INSERT INTO SERVICOS (TEMPO_EXECUCAO, DATA_REGISTRO,ID_SETOR,ID_VEICULO) VALUES ('3:00:00','28/07/2021 13:05:59',4, '50999870689')
INSERT INTO SERVICOS (TEMPO_EXECUCAO, DATA_REGISTRO,ID_SETOR,ID_VEICULO) VALUES ('4:00:00','01/04/2022 21:29:41',1, '87288250734')
INSERT INTO SERVICOS (TEMPO_EXECUCAO, DATA_REGISTRO,ID_SETOR,ID_VEICULO) VALUES ('5:00:00','07/02/2022 05:21:07',1, '68748529694')
INSERT INTO SERVICOS (TEMPO_EXECUCAO, DATA_REGISTRO,ID_SETOR,ID_VEICULO) VALUES ('2:00:00','25/10/2020 03:17:38',4, '65990031266')
INSERT INTO SERVICOS (TEMPO_EXECUCAO, DATA_REGISTRO,ID_SETOR,ID_VEICULO) VALUES ('8:00:00','17/02/2018 09:06:24',2, '65411262864')
INSERT INTO SERVICOS (TEMPO_EXECUCAO, DATA_REGISTRO,ID_SETOR,ID_VEICULO) VALUES ('6:00:00','17/11/2021 23:58:10',1, '49092607029')
INSERT INTO SERVICOS (TEMPO_EXECUCAO, DATA_REGISTRO,ID_SETOR,ID_VEICULO) VALUES ('4:00:00','21/08/2021 10:24:06',2, '40533181101')
INSERT INTO SERVICOS (TEMPO_EXECUCAO, DATA_REGISTRO,ID_SETOR,ID_VEICULO) VALUES ('3:00:00','27/07/2021 10:40:59',4, '11576672290')
INSERT INTO SERVICOS (TEMPO_EXECUCAO, DATA_REGISTRO,ID_SETOR,ID_VEICULO) VALUES ('8:00:00','19/05/2019 01:39:22',1, '87656220000')
INSERT INTO SERVICOS (TEMPO_EXECUCAO, DATA_REGISTRO,ID_SETOR,ID_VEICULO) VALUES ('3:00:00','19/07/2021 20:46:53',1, '08550760774')
INSERT INTO SERVICOS (TEMPO_EXECUCAO, DATA_REGISTRO,ID_SETOR,ID_VEICULO) VALUES ('8:00:00','29/06/2020 02:00:32',2, '42893212970')
INSERT INTO SERVICOS (TEMPO_EXECUCAO, DATA_REGISTRO,ID_SETOR,ID_VEICULO) VALUES ('2:00:00','12/07/2019 19:16:56',4, '48788423614')
INSERT INTO SERVICOS (TEMPO_EXECUCAO, DATA_REGISTRO,ID_SETOR,ID_VEICULO) VALUES ('3:00:00','22/02/2022 08:32:36',4, '28639126811')
INSERT INTO SERVICOS (TEMPO_EXECUCAO, DATA_REGISTRO,ID_SETOR,ID_VEICULO) VALUES ('3:00:00','15/03/2022 23:24:21',4, '58664079161')
INSERT INTO SERVICOS (TEMPO_EXECUCAO, DATA_REGISTRO,ID_SETOR,ID_VEICULO) VALUES ('3:00:00','24/10/2021 07:54:28',2, '56961814110')
INSERT INTO SERVICOS (TEMPO_EXECUCAO, DATA_REGISTRO,ID_SETOR,ID_VEICULO) VALUES ('10:00:00','23/07/2021 19:19:07',1, '08464420616')
INSERT INTO SERVICOS (TEMPO_EXECUCAO, DATA_REGISTRO,ID_SETOR,ID_VEICULO) VALUES ('3:00:00','26/11/2021 01:04:27',5, '18771731083')
INSERT INTO SERVICOS (TEMPO_EXECUCAO, DATA_REGISTRO,ID_SETOR,ID_VEICULO) VALUES ('2:00:00','09/01/2021 16:37:25',3, '73560378379')
INSERT INTO SERVICOS (TEMPO_EXECUCAO, DATA_REGISTRO,ID_SETOR,ID_VEICULO) VALUES ('3:00:00','14/12/2021 10:35:53',5, '15736233557')
INSERT INTO SERVICOS (TEMPO_EXECUCAO, DATA_REGISTRO,ID_SETOR,ID_VEICULO) VALUES ('2:00:00','01/11/2021 10:06:06',3, '16243055779')
INSERT INTO SERVICOS (TEMPO_EXECUCAO, DATA_REGISTRO,ID_SETOR,ID_VEICULO) VALUES ('5:00:00','30/01/2022 16:39:09',5, '15736233557')
INSERT INTO SERVICOS (TEMPO_EXECUCAO, DATA_REGISTRO,ID_SETOR,ID_VEICULO) VALUES ('3:00:00','07/12/2019 12:01:37',1, '54451390457')
INSERT INTO SERVICOS (TEMPO_EXECUCAO, DATA_REGISTRO,ID_SETOR,ID_VEICULO) VALUES ('4:00:00','30/09/2021 07:36:21',5, '22232200451')
INSERT INTO SERVICOS (TEMPO_EXECUCAO, DATA_REGISTRO,ID_SETOR,ID_VEICULO) VALUES ('3:00:00','24/03/2021 16:05:20',1, '13651007104')
INSERT INTO SERVICOS (TEMPO_EXECUCAO, DATA_REGISTRO,ID_SETOR,ID_VEICULO) VALUES ('3:00:00','22/10/2018 10:20:50',3, '44868226758')
INSERT INTO SERVICOS (TEMPO_EXECUCAO, DATA_REGISTRO,ID_SETOR,ID_VEICULO) VALUES ('7:00:00','01/02/2022 15:52:20',1, '96088810040')
INSERT INTO SERVICOS (TEMPO_EXECUCAO, DATA_REGISTRO,ID_SETOR,ID_VEICULO) VALUES ('11:00:00','08/12/2021 09:53:45',2, '44419904113')
INSERT INTO SERVICOS (TEMPO_EXECUCAO, DATA_REGISTRO,ID_SETOR,ID_VEICULO) VALUES ('4:00:00','27/03/2019 13:43:55',5, '43724202812')
INSERT INTO SERVICOS (TEMPO_EXECUCAO, DATA_REGISTRO,ID_SETOR,ID_VEICULO) VALUES ('5:00:00','25/03/2022 17:24:38',1, '00142175736')
INSERT INTO SERVICOS (TEMPO_EXECUCAO, DATA_REGISTRO,ID_SETOR,ID_VEICULO) VALUES ('8:00:00','19/08/2021 01:31:37',1, '23534757708')
INSERT INTO SERVICOS (TEMPO_EXECUCAO, DATA_REGISTRO,ID_SETOR,ID_VEICULO) VALUES ('7:00:00','19/03/2022 13:31:03',1, '18260625261')
INSERT INTO SERVICOS (TEMPO_EXECUCAO, DATA_REGISTRO,ID_SETOR,ID_VEICULO) VALUES ('7:00:00','20/03/2022 12:45:06',1, '14775503424')
INSERT INTO SERVICOS (TEMPO_EXECUCAO, DATA_REGISTRO,ID_SETOR,ID_VEICULO) VALUES ('4:00:00','28/01/2022 10:40:01',3, '63092762334')
INSERT INTO SERVICOS (TEMPO_EXECUCAO, DATA_REGISTRO,ID_SETOR,ID_VEICULO) VALUES ('2:00:00','30/03/2022 09:02:10',4, '52112767122')
INSERT INTO SERVICOS (TEMPO_EXECUCAO, DATA_REGISTRO,ID_SETOR,ID_VEICULO) VALUES ('2:00:00','22/12/2021 06:14:51',1, '26286265997')
INSERT INTO SERVICOS (TEMPO_EXECUCAO, DATA_REGISTRO,ID_SETOR,ID_VEICULO) VALUES ('11:00:00','11/05/2021 04:37:13',2, '70816687217')
INSERT INTO SERVICOS (TEMPO_EXECUCAO, DATA_REGISTRO,ID_SETOR,ID_VEICULO) VALUES ('7:00:00','20/03/2022 14:58:14',2, '25436632800')
INSERT INTO SERVICOS (TEMPO_EXECUCAO, DATA_REGISTRO,ID_SETOR,ID_VEICULO) VALUES ('3:00:00','25/02/2022 17:43:36',3, '03574718970')
INSERT INTO SERVICOS (TEMPO_EXECUCAO, DATA_REGISTRO,ID_SETOR,ID_VEICULO) VALUES ('10:00:00','17/09/2021 02:19:57',2, '89923371806')
INSERT INTO SERVICOS (TEMPO_EXECUCAO, DATA_REGISTRO,ID_SETOR,ID_VEICULO) VALUES ('3:00:00','12/01/2021 09:07:14',4, '45977474123')
INSERT INTO SERVICOS (TEMPO_EXECUCAO, DATA_REGISTRO,ID_SETOR,ID_VEICULO) VALUES ('3:00:00','03/01/2022 13:39:38',4, '51686169472')
INSERT INTO SERVICOS (TEMPO_EXECUCAO, DATA_REGISTRO,ID_SETOR,ID_VEICULO) VALUES ('2:00:00','13/05/2021 23:35:44',5, '36661136330')
INSERT INTO SERVICOS (TEMPO_EXECUCAO, DATA_REGISTRO,ID_SETOR,ID_VEICULO) VALUES ('9:00:00','20/09/2020 07:18:59',1, '08550760774')
INSERT INTO SERVICOS (TEMPO_EXECUCAO, DATA_REGISTRO,ID_SETOR,ID_VEICULO) VALUES ('5:00:00','30/03/2022 18:41:15',5, '56961814110')
INSERT INTO SERVICOS (TEMPO_EXECUCAO, DATA_REGISTRO,ID_SETOR,ID_VEICULO) VALUES ('3:00:00','21/03/2020 12:33:03',5, '98637009362')
INSERT INTO SERVICOS (TEMPO_EXECUCAO, DATA_REGISTRO,ID_SETOR,ID_VEICULO) VALUES ('2:00:00','17/10/2020 02:23:58',3, '52232740932')
INSERT INTO SERVICOS (TEMPO_EXECUCAO, DATA_REGISTRO,ID_SETOR,ID_VEICULO) VALUES ('2:00:00','21/02/2022 04:11:29',1, '22232200451')
INSERT INTO SERVICOS (TEMPO_EXECUCAO, DATA_REGISTRO,ID_SETOR,ID_VEICULO) VALUES ('5:00:00','29/11/2020 00:16:21',1, '67586991214')
INSERT INTO SERVICOS (TEMPO_EXECUCAO, DATA_REGISTRO,ID_SETOR,ID_VEICULO) VALUES ('3:00:00','30/03/2022 03:38:00',4, '48672773338')
INSERT INTO SERVICOS (TEMPO_EXECUCAO, DATA_REGISTRO,ID_SETOR,ID_VEICULO) VALUES ('3:00:00','25/02/2022 04:55:00',3, '68748529694')
INSERT INTO SERVICOS (TEMPO_EXECUCAO, DATA_REGISTRO,ID_SETOR,ID_VEICULO) VALUES ('9:00:00','30/04/2020 14:03:02',2, '85919257890')
INSERT INTO SERVICOS (TEMPO_EXECUCAO, DATA_REGISTRO,ID_SETOR,ID_VEICULO) VALUES ('2:00:00','08/03/2022 02:57:13',4, '48280961356')
INSERT INTO SERVICOS (TEMPO_EXECUCAO, DATA_REGISTRO,ID_SETOR,ID_VEICULO) VALUES ('6:00:00','28/02/2022 08:38:05',5, '48280961356')
INSERT INTO SERVICOS (TEMPO_EXECUCAO, DATA_REGISTRO,ID_SETOR,ID_VEICULO) VALUES ('4:00:00','16/12/2021 02:51:15',3, '24037349096')
INSERT INTO SERVICOS (TEMPO_EXECUCAO, DATA_REGISTRO,ID_SETOR,ID_VEICULO) VALUES ('3:00:00','28/03/2022 15:19:07',3, '44729802292')
INSERT INTO SERVICOS (TEMPO_EXECUCAO, DATA_REGISTRO,ID_SETOR,ID_VEICULO) VALUES ('4:00:00','08/01/2021 19:09:58',5, '88342072755')
INSERT INTO SERVICOS (TEMPO_EXECUCAO, DATA_REGISTRO,ID_SETOR,ID_VEICULO) VALUES ('4:00:00','15/09/2021 03:49:54',3, '13651007104')
INSERT INTO SERVICOS (TEMPO_EXECUCAO, DATA_REGISTRO,ID_SETOR,ID_VEICULO) VALUES ('6:00:00','24/02/2022 12:21:28',5, '99426733952')
INSERT INTO TIPOS_SERVICOS ( TIPO_SERVICO, ID_SETOR ) VALUES ('troca de som',3)
INSERT INTO TIPOS_SERVICOS ( TIPO_SERVICO, ID_SETOR ) VALUES ('troca de janelas traseiras',1)
INSERT INTO TIPOS_SERVICOS ( TIPO_SERVICO, ID_SETOR ) VALUES ('instalação de painel eletrônico',3)
INSERT INTO TIPOS_SERVICOS ( TIPO_SERVICO, ID_SETOR ) VALUES ('troca de pneu',4)
INSERT INTO TIPOS_SERVICOS ( TIPO_SERVICO, ID_SETOR ) VALUES ('restauração de pneus',4)
INSERT INTO TIPOS_SERVICOS ( TIPO_SERVICO, ID_SETOR ) VALUES ('troca de filtros',5)
INSERT INTO TIPOS_SERVICOS ( TIPO_SERVICO, ID_SETOR ) VALUES ('troca da câmara de ar',4)
INSERT INTO TIPOS_SERVICOS ( TIPO_SERVICO, ID_SETOR ) VALUES ('troca de motor',5)
INSERT INTO TIPOS_SERVICOS ( TIPO_SERVICO, ID_SETOR ) VALUES ('troca de faróis',3)
INSERT INTO TIPOS_SERVICOS ( TIPO_SERVICO, ID_SETOR ) VALUES ('Pintura da lataria do carro',2)
INSERT INTO TIPOS_SERVICOS ( TIPO_SERVICO, ID_SETOR ) VALUES ('troca de janelas dianteiras',1)
INSERT INTO AGENDAMENTOS (DATA_AGENDAMENTO,ID_SERVICO) VALUES ('09/03/2023', 41)
INSERT INTO AGENDAMENTOS (DATA_AGENDAMENTO,ID_SERVICO) VALUES ('28/10/2018', 48)
INSERT INTO AGENDAMENTOS (DATA_AGENDAMENTO,ID_SERVICO) VALUES ('18/03/2021', 61)
INSERT INTO AGENDAMENTOS (DATA_AGENDAMENTO,ID_SERVICO) VALUES ('14/03/2021', 99)
INSERT INTO AGENDAMENTOS (DATA_AGENDAMENTO,ID_SERVICO) VALUES ('30/01/2019', 6)